1,"Харків","б-р Жасміновий, 12 №1","Харків б-р Жасміновий, 12 №1",49.94836,36.319652
2,"Харків","б-р Жасміновий, 12 №2","Харків б-р Жасміновий, 12 №2",49.9478583,36.320837
3,"Харків","б-р Жасміновий, 12 №3","Харків б-р Жасміновий, 12 №3",49.94836,36.319652
4,"Харків","вул. Танкопія, 26","Харків вул. Танкопія, 26",49.951931,36.3213096
5,"Харків","б-р Жасміновий, 10","Харків б-р Жасміновий, 10",49.9486319,36.3188916
6,"Харків","б-р Жасміновий, 1","Харків б-р Жасміновий, 1",49.9496948,36.3147451
7,"Харків","б-р Жасміновий, 11 №1","Харків б-р Жасміновий, 11 №1",49.9502938,36.3237924
8,"Харків","б-р Жасміновий, 11 №2","Харків б-р Жасміновий, 11 №2",49.9510924,36.3226063
9,"Харків","б-р Жасміновий, 11 №3","Харків б-р Жасміновий, 11 №3",49.9502938,36.3237924
10,"Харків","б-р Жасміновий, 13","Харків б-р Жасміновий, 13",49.9507129,36.3259471
11,"Харків","б-р Жасміновий, 13/1","Харків б-р Жасміновий, 13/1",49.9510124,36.3253749
12,"Харків","б-р Жасміновий, 3 №1","Харків б-р Жасміновий, 3 №1",49.9510126,36.3162019
13,"Харків","б-р Жасміновий, 3 №2","Харків б-р Жасміновий, 3 №2",49.9508529,36.3176622
14,"Харків","б-р Жасміновий, 3 №3","Харків б-р Жасміновий, 3 №3",49.950012,36.3163864
15,"Харків","б-р Жасміновий, 5","Харків б-р Жасміновий, 5",49.9499146,36.3189797
16,"Харків","б-р Жасміновий, 7 №1","Харків б-р Жасміновий, 7 №1",49.950191,36.3204
17,"Харків","б-р Жасміновий, 7 №2","Харків б-р Жасміновий, 7 №2",49.950191,36.3204
18,"Харків","б-р Жасміновий, 7 №3","Харків б-р Жасміновий, 7 №3",49.950191,36.3204
19,"Харків","б-р Жасміновий, 9","Харків б-р Жасміновий, 9",49.9500742,36.3226154
20,"Харків","вул. Танкопія, 16 №1","Харків вул. Танкопія, 16 №1",49.9531688,36.3173811
21,"Харків","вул. Танкопія, 16 №2","Харків вул. Танкопія, 16 №2",49.9550837,36.3375709
22,"Харків","вул. Танкопія, 18","Харків вул. Танкопія, 18",49.9527645,36.3179244
23,"Харків","вул. Танкопія, 18А","Харків вул. Танкопія, 18А",49.9533286,36.3189786
24,"Харків","вул. Танкопія, 20 №1","Харків вул. Танкопія, 20 №1",49.952907,36.319343
25,"Харків","вул. Танкопія, 20 №2","Харків вул. Танкопія, 20 №2",49.952907,36.319343
26,"Харків","вул. Танкопія, 22Б","Харків вул. Танкопія, 22Б",49.9529891,36.3206805
27,"Харків","б-р Жасміновий, 2","Харків б-р Жасміновий, 2",49.9484122,36.314657
28,"Харків","б-р Жасміновий, 4 №1","Харків б-р Жасміновий, 4 №1",49.9482974,36.3155473
29,"Харків","б-р Жасміновий, 4 №2","Харків б-р Жасміновий, 4 №2",49.9482974,36.3155473
30,"Харків","б-р Жасміновий, 6 №1","Харків б-р Жасміновий, 6 №1",49.9487965,36.316462
31,"Харків","б-р Жасміновий,6 №2","Харків б-р Жасміновий,6 №2",49.9487965,36.316462
32,"Харків","вул. Киргизька ,12","Харків вул. Киргизька ,12",49.9458673,36.2783504
33,"Харків","пр. Героїв Сталінграда, 23 №1","Харків пр. Героїв Сталінграда, 23 №1",49.944774,36.274154
34,"Харків","пр. Героїв Сталінграда, 23 №2","Харків пр. Героїв Сталінграда, 23 №2",49.944774,36.274154
35,"Харків","пр. Героїв Сталінграда, 23 №3","Харків пр. Героїв Сталінграда, 23 №3",49.944774,36.274154
36,"Харків","пр. Героїв Сталінграда, 23 №4","Харків пр. Героїв Сталінграда, 23 №4",49.944774,36.274154
37,"Харків","пр. Героїв Сталінграда, 23 №5","Харків пр. Героїв Сталінграда, 23 №5",49.944774,36.274154
38,"Харків","пр.Героїв Сталінграда, 25 №1","Харків пр.Героїв Сталінграда, 25 №1",49.9449875,36.2754272
39,"Харків","пр. Героїв Сталінграда, 25 №2","Харків пр. Героїв Сталінграда, 25 №2",49.9446334,36.2759602
40,"Харків","пр. Героїв Сталінграда, 25 №3","Харків пр. Героїв Сталінграда, 25 №3",49.9446334,36.2759602
41,"Харків","пр. Героїв Сталінграда, 25 №4","Харків пр. Героїв Сталінграда, 25 №4",49.9446334,36.2759602
42,"Харків","пр. Героїв Сталінграда, 25 К1 №1","Харків пр. Героїв Сталінграда, 25 К1 №1",49.9446334,36.2759602
43,"Харків","пр. Героїв Сталінграда, 25 К1 №2","Харків пр. Героїв Сталінграда, 25 К1 №2",49.9446334,36.2759602
44,"Харків","пр. Героїв Сталінграда, 25 К1 №3","Харків пр. Героїв Сталінграда, 25 К1 №3",49.9463784,36.2639249
45,"Харків","пр. Героїв Сталінграда, 25 К1 №4","Харків пр. Героїв Сталінграда, 25 К1 №4",49.9464889,36.2650227
46,"Харків","пр. Героїв Сталінграда, 39 №1","Харків пр. Героїв Сталінграда, 39 №1",49.9451731,36.2772734
47,"Харків","пр. Героїв Сталінграда, 39 №2","Харків пр. Героїв Сталінграда, 39 №2",49.9451731,36.2772734
48,"Харків","пр. Героїв Сталінграда, 41 №1","Харків пр. Героїв Сталінграда, 41 №1",49.944999,36.27811
49,"Харків","пр. Героїв Сталінграда, 41 №2","Харків пр. Героїв Сталінграда, 41 №2",49.944999,36.27811
50,"Харків","пр. Героїв Сталінграда, 41 №3","Харків пр. Героїв Сталінграда, 41 №3",49.944999,36.27811
51,"Харків","пр. Героїв Сталінграда, 41 №4","Харків пр. Героїв Сталінграда, 41 №4",49.944999,36.27811
52,"Харків","вул. Костичева, 17 №1","Харків вул. Костичева, 17 №1",49.94926,36.274482
53,"Харків","вул. Костичева, 17 №2","Харків вул. Костичева, 17 №2",49.94926,36.274482
54,"Харків","вул. Костичева, 17 №3","Харків вул. Костичева, 17 №3",49.94926,36.274482
55,"Харків","вул. Костичева, 19 №1","Харків вул. Костичева, 19 №1",49.949279,36.273639
56,"Харків","вул. Костичева, 19 №2","Харків вул. Костичева, 19 №2",49.949279,36.273639
57,"Харків","вул. Костичева, 19 №3","Харків вул. Костичева, 19 №3",49.949279,36.273639
58,"Харків","вул. Монюшка, 12А №1","Харків вул. Монюшка, 12А №1",49.9477909,36.2726463
59,"Харків","вул. Монюшка, 12А №2","Харків вул. Монюшка, 12А №2",49.9477909,36.2726463
60,"Харків","вул. Монюшка, 12А №3","Харків вул. Монюшка, 12А №3",49.9477909,36.2726463
61,"Харків","вул. Монюшка, 14 №1","Харків вул. Монюшка, 14 №1",49.9481852,36.2727673
62,"Харків","вул. Монюшка, 14 №2","Харків вул. Монюшка, 14 №2",49.9481852,36.2727673
63,"Харків","вул. Монюшка, 14 №3","Харків вул. Монюшка, 14 №3",49.9481852,36.2727673
64,"Харків","вул. Монюшка, 14 №4","Харків вул. Монюшка, 14 №4",49.9481852,36.2727673
65,"Харків","вул. Монюшка, 16 №1","Харків вул. Монюшка, 16 №1",49.9485789,36.2716144
66,"Харків","вул. Монюшка, 16 №2","Харків вул. Монюшка, 16 №2",49.9485789,36.2716144
67,"Харків","вул. Монюшка, 16 №3","Харків вул. Монюшка, 16 №3",49.9485789,36.2716144
68,"Харків","вул. Танкопія, 10 №1","Харків вул. Танкопія, 10 №1",49.9535027,36.3100235
69,"Харків","вул. Танкопія, 10 №2","Харків вул. Танкопія, 10 №2",49.9535027,36.3100235
70,"Харків","вул. Танкопія, 12 №1","Харків вул. Танкопія, 12 №1",49.9542067,36.3114559
71,"Харків","вул. Танкопія, 12 №2","Харків вул. Танкопія, 12 №2",49.9542067,36.3114559
72,"Харків","вул. Танкопія, 12 №3","Харків вул. Танкопія, 12 №3",49.9542067,36.3114559
73,"Харків","вул. Танкопія, 12 №4","Харків вул. Танкопія, 12 №4",49.9542067,36.3114559
74,"Харків","вул. Танкопія, 12 №5","Харків вул. Танкопія, 12 №5",49.9542067,36.3114559
75,"Харків","вул. Танкопія, 12 №6","Харків вул. Танкопія, 12 №6",49.9542067,36.3114559
76,"Харків","вул. Танкопія, 12 №7","Харків вул. Танкопія, 12 №7",49.9542067,36.3114559
77,"Харків","вул. Танкопія, 12А №1","Харків вул. Танкопія, 12А №1",49.9533482,36.3115338
78,"Харків","вул. Танкопія, 12А №2","Харків вул. Танкопія, 12А №2",49.9533482,36.3115338
79,"Харків","вул. Танкопія, 14А №1","Харків вул. Танкопія, 14А №1",49.9532833,36.3124138
80,"Харків","вул. Танкопія, 14А №2","Харків вул. Танкопія, 14А №2",49.9532833,36.3124138
81,"Харків","вул. Танкопія, 6А","Харків вул. Танкопія, 6А",49.9537468,36.3063539
82,"Харків","вул. Танкопія, 8 №1","Харків вул. Танкопія, 8 №1",49.9528136,36.307212
83,"Харків","вул. Танкопія, 8 №2","Харків вул. Танкопія, 8 №2",49.954466,36.3089553
84,"Харків","вул. Танкопія, 8 №3","Харків вул. Танкопія, 8 №3",49.954466,36.3089553
85,"Харків","вул. Танкопія, 8 №4","Харків вул. Танкопія, 8 №4",49.954466,36.3089553
86,"Харків","вул. Танкопія, 8 №5","Харків вул. Танкопія, 8 №5",49.954466,36.3089553
87,"Харків","вул. Танкопія, 8 №6","Харків вул. Танкопія, 8 №6",49.954466,36.3089553
88,"Харків","вул. Танкопія, 8 №7","Харків вул. Танкопія, 8 №7",49.954466,36.3089553
89,"Харків","вул. Танкопія, 8А №1","Харків вул. Танкопія, 8А №1",49.9528136,36.307212
90,"Харків","вул. Танкопія, 8А №2","Харків вул. Танкопія, 8А №2",49.9536622,36.3075438
91,"Харків","вул. Танкопія, 8Б №1","Харків вул. Танкопія, 8Б №1",49.9528136,36.307212
92,"Харків","вул. Танкопія, 8Б №2","Харків вул. Танкопія, 8Б №2",49.9536274,36.3087233
93,"Харків","вул. Танкопія, 8Г","Харків вул. Танкопія, 8Г",49.954466,36.3089553
94,"Харків","п-д Садовий, 11А №1","Харків п-д Садовий, 11А №1",49.950244,36.309936
95,"Харків","п-д Садовий, 11А №2","Харків п-д Садовий, 11А №2",49.950603,36.309990
96,"Харків","п-д Садовий, 11А №3","Харків п-д Садовий, 11А №3",49.950658,36.310194
97,"Харків","п-д Садовий, 3 №1","Харків п-д Садовий, 3 №1",50.039216,36.318269
98,"Харків","п-д Садовий, 3 №2","Харків п-д Садовий, 3 №2",50.039222,36.318351
99,"Харків","п-д Садовий, 5","Харків п-д Садовий, 5",49.951427,36.306711
100,"Харків","п-д Садовий, 5А","Харків п-д Садовий, 5А",49.952062,36.307012
101,"Харків","п-д Садовий, 9","Харків п-д Садовий, 9",49.951531,36.308385
102,"Харків","пр. Петра Григоренка, 10 №1","Харків пр. Петра Григоренка, 10 №1",49.952011,36.313915
103,"Харків","пр. Петра Григоренка, 10 №2","Харків пр. Петра Григоренка, 10 №2",49.952011,36.313915
104,"Харків","пр. Петра Григоренка, 10 №3","Харків пр. Петра Григоренка, 10 №3",49.952011,36.313915
105,"Харків","пр. Петра Григоренка, 10 №4","Харків пр. Петра Григоренка, 10 №4",49.952011,36.313915
106,"Харків","пр. Петра Григоренка, 10 №5","Харків пр. Петра Григоренка, 10 №5",49.952011,36.313915
107,"Харків","пр. Петра Григоренка, 10 №6","Харків пр. Петра Григоренка, 10 №6",49.952011,36.313915
108,"Харків","пр. Петра Григоренка, 10А","Харків пр. Петра Григоренка, 10А",49.9529939,36.3135956
109,"Харків","пр. Петра Григоренка, 10В","Харків пр. Петра Григоренка, 10В",49.9521154,36.3124547
110,"Харків","пр. Петра Григоренка, 10Г","Харків пр. Петра Григоренка, 10Г",49.9516712,36.3131082
111,"Харків","пр. Петра Григоренка, 10Д","Харків пр. Петра Григоренка, 10Д",49.952385,36.3141308
112,"Харків","пр. Петра Григоренка, 12 №1","Харків пр. Петра Григоренка, 12 №1",49.950161,36.3129269
113,"Харків","пр. Петра Григоренка, 12 №2","Харків пр. Петра Григоренка, 12 №2",49.950161,36.3129269
114,"Харків","пр. Петра Григоренка, 12А","Харків пр. Петра Григоренка, 12А",49.9511171,36.3121541
115,"Харків","пр. Петра Григоренка, 12Б","Харків пр. Петра Григоренка, 12Б",49.9501788,36.3121977
116,"Харків","пр. Петра Григоренка, 12В","Харків пр. Петра Григоренка, 12В",49.9501489,36.3129173
117,"Харків","вул. Киргизька, 1 №1","Харків вул. Киргизька, 1 №1",49.9475899,36.2672609
118,"Харків","вул. Киргизька, 3 №1","Харків вул. Киргизька, 3 №1",49.9471042,36.2691998
119,"Харків","вул. Киргизька, 3 №2","Харків вул. Киргизька, 3 №2",49.9471042,36.2691998
120,"Харків","вул. Монюшка, 3","Харків вул. Монюшка, 3",49.9473051,36.2695896
121,"Харків","пров. Зерновий, 5","Харків пров. Зерновий, 5",49.9482822,36.2676513
122,"Харків","пров. Зерновий, 5А №1","Харків пров. Зерновий, 5А №1",49.949253,36.267234
123,"Харків","пров. Зерновий, 5А №2","Харків пров. Зерновий, 5А №2",49.949253,36.267234
124,"Харків","пров. Зерновий, 5А №3","Харків пров. Зерновий, 5А №3",49.949253,36.267234
125,"Харків","пров. Зерновий, 5Б №1","Харків пров. Зерновий, 5Б №1",49.949405,36.266288
126,"Харків","пров. Зерновий, 5Б №2","Харків пров. Зерновий, 5Б №2",49.949405,36.266288
127,"Харків","пров. Зерновий, 5Б №3","Харків пров. Зерновий, 5Б №3",49.949405,36.266288
128,"Харків","пров. Зерновий, 5Б №4","Харків пров. Зерновий, 5Б №4",49.949405,36.266288
129,"Харків","пров. Зерновий, 5В №1","Харків пров. Зерновий, 5В №1",49.949378,36.265445
130,"Харків","пров. Зерновий, 5В №2","Харків пров. Зерновий, 5В №2",49.949378,36.265445
131,"Харків","пров. Зерновий, 5Г №1","Харків пров. Зерновий, 5Г №1",49.949859,36.267124
132,"Харків","пров. Зерновий, 5Г №2","Харків пров. Зерновий, 5Г №2",49.949859,36.267124
133,"Харків","пров. Зерновий, 5Г №3","Харків пров. Зерновий, 5Г №3",49.949859,36.267124
134,"Харків","пров. Зерновий, 6/1","Харків пров. Зерновий, 6/1",49.9487965,36.2679507
135,"Харків","пров. Зерновий, 6/2","Харків пров. Зерновий, 6/2",49.948023,36.2681135
136,"Харків","пров. Зерновий, 6/3","Харків пров. Зерновий, 6/3",49.9488368,36.2686046
137,"Харків","пров. Зерновий, 6/5","Харків пров. Зерновий, 6/5",49.9488072,36.2693242
138,"Харків","пров. Зерновий, 6/6 №1","Харків пров. Зерновий, 6/6 №1",49.9487626,36.2698942
139,"Харків","пров. Зерновий, 6/6 №2","Харків пров. Зерновий, 6/6 №2",49.9487626,36.2698942
140,"Харків","пров. Зерновий, 6/7","Харків пров. Зерновий, 6/7",49.9494211,36.2693479
141,"Харків","в-д. Тарасівський, 4 №1","Харків в-д. Тарасівський, 4 №1",49.9816108,36.272003
142,"Харків","в-д. Тарасівський, 4 №2","Харків в-д. Тарасівський, 4 №2",49.9816108,36.272003
143,"Харків","в-д.Тарасівський, 4 №3","Харків в-д.Тарасівський, 4 №3",49.9816108,36.272003
144,"Харків","в-д. Фесенківський, 9 №1","Харків в-д. Фесенківський, 9 №1",49.981968,36.2703465
145,"Харків","в-д. Фесенківський, 9 №2","Харків в-д. Фесенківський, 9 №2",49.981968,36.2703465
146,"Харків","вул. Дніпровська, 1 №1","Харків вул. Дніпровська, 1 №1",49.9812721,36.2672293
147,"Харків","вул. Дніпровська, 1 №2","Харків вул. Дніпровська, 1 №2",49.9812721,36.2672293
148,"Харків","вул. Дніпровська, 1 №3","Харків вул. Дніпровська, 1 №3",49.9812721,36.2672293
149,"Харків","вул. Польова, 10 №1","Харків вул. Польова, 10 №1",49.980186,36.271617
150,"Харків","вул. Польова, 10 №2","Харків вул. Польова, 10 №2",49.980186,36.271617
151,"Харків","вул. Польова, 2 №1","Харків вул. Польова, 2 №1",49.969575,36.2671434
152,"Харків","вул. Польова, 2 №2","Харків вул. Польова, 2 №2",49.9827691,36.2742579
153,"Харків","вул. Польова, 4 №1","Харків вул. Польова, 4 №1",49.982051,36.273571
154,"Харків","вул. Польова, 4 №2","Харків вул. Польова, 4 №2",49.982051,36.273571
155,"Харків","вул. Польова, 4 №3","Харків вул. Польова, 4 №3",49.982051,36.273571
156,"Харків","вул. Польова, 4 №4","Харків вул. Польова, 4 №4",49.982051,36.273571
157,"Харків","вул. Польова, 6 №1","Харків вул. Польова, 6 №1",49.9815099,36.272891
158,"Харків","вул. Польова, 6 №2","Харків вул. Польова, 6 №2",49.9815099,36.272891
159,"Харків","вул. Фесенківська, 16","Харків вул. Фесенківська, 16",49.9840747,36.268985
160,"Харків","пр. Гагаріна, 45А №1","Харків пр. Гагаріна, 45А №1",49.975588,36.2573617
161,"Харків","пр. Гагаріна, 45А №2","Харків пр. Гагаріна, 45А №2",49.975588,36.2573617
162,"Харків","пр. Гагаріна, 45А №3","Харків пр. Гагаріна, 45А №3",49.975588,36.2573617
163,"Харків","пр. Гагаріна, 45А №4","Харків пр. Гагаріна, 45А №4",49.975588,36.2573617
164,"Харків","пр.Гагаріна, 45А №5","Харків пр.Гагаріна, 45А №5",49.975588,36.2573617
165,"Харків","пр. Гагаріна, 45А №6","Харків пр. Гагаріна, 45А №6",49.975588,36.2573617
166,"Харків","пр. Гагаріна, 47А №1","Харків пр. Гагаріна, 47А №1",49.9754144,36.2591829
167,"Харків","пр. Гагаріна, 47А №2","Харків пр. Гагаріна, 47А №2",49.9754144,36.2591829
168,"Харків","пр. Гагаріна, 47А №3","Харків пр. Гагаріна, 47А №3",49.9754144,36.2591829
169,"Харків","пр. Гагаріна, 47А №4","Харків пр. Гагаріна, 47А №4",49.9754144,36.2591829
170,"Харків","вул. Киргизька, 6","Харків вул. Киргизька, 6",49.9465414,36.2693426
171,"Харків","пров. Зерновий, 1А","Харків пров. Зерновий, 1А",49.9478068,36.2654584
172,"Харків","пр. Гагаріна, 175А","Харків пр. Гагаріна, 175А",49.947276,36.2627166
173,"Харків","пр. Гагаріна, 179 №1","Харків пр. Гагаріна, 179 №1",49.9467813,36.2618528
174,"Харків","пр. Гагаріна, 179 №2","Харків пр. Гагаріна, 179 №2",49.9467813,36.2618528
175,"Харків","пр. Героїв Сталінграда, 1/8 №1","Харків пр. Героїв Сталінграда, 1/8 №1",49.9476812,36.264211
176,"Харків","пр. Героїв Сталінграда, 1/8 №2","Харків пр. Героїв Сталінграда, 1/8 №2",49.9476812,36.264211
177,"Харків","пр. Героїв Сталінграда, 1А","Харків пр. Героїв Сталінграда, 1А",49.9463279,36.2629165
178,"Харків","пр. Героїв Сталінграда, 5 №1","Харків пр. Героїв Сталінграда, 5 №1",49.9459716,36.2679849
179,"Харків","пр. Героїв Сталінграда, 5 №2","Харків пр. Героїв Сталінграда, 5 №2",49.9454871,36.2672207
180,"Харків","пр. Героїв Сталінграда, 5/1","Харків пр. Героїв Сталінграда, 5/1",49.9459716,36.2679849
181,"Харків","пр. Героїв Сталінграда, 7","Харків пр. Героїв Сталінграда, 7",49.9452884,36.2687911
182,"Харків","пр. Героїв Сталінграда, 7/1","Харків пр. Героїв Сталінграда, 7/1",49.9458326,36.2691351
183,"Харків","вул. Матросова, 12","Харків вул. Матросова, 12",49.9561416,36.2644675
184,"Харків","вул. Матросова, 14","Харків вул. Матросова, 14",49.9560421,36.2649981
185,"Харків","вул. Матросова, 16","Харків вул. Матросова, 16",49.9559227,36.2655838
186,"Харків","пр. Гагаріна, 171А №1","Харків пр. Гагаріна, 171А №1",49.9493027,36.2633599
187,"Харків","пр. Гагаріна, 171А №2","Харків пр. Гагаріна, 171А №2",49.9493027,36.2633599
188,"Харків","вул. Молочна, 1 К3","Харків вул. Молочна, 1 К3",49.9837633,36.2580346
189,"Харків","п-д Садовий, 20","Харків п-д Садовий, 20",49.949384,36.309597
190,"Харків","п-д Садовий, 22","Харків п-д Садовий, 22",49.949289,36.310831
191,"Харків","п-д Садови, 24","Харків п-д Садови, 24",49.948647,36.310786
192,"Харків","п-д Садовий, 26","Харків п-д Садовий, 26",49.949190,36.311849
193,"Харків","п-д Садовий, 28","Харків п-д Садовий, 28",49.949126,36.312244
194,"Харків","п-д Садовий, 30","Харків п-д Садовий, 30",49.949077,36.312631
195,"Харків","вул. Соїча, 1","Харків вул. Соїча, 1",49.9762719,36.2847014
196,"Харків","вул. Соїча, 4","Харків вул. Соїча, 4",49.9763872,36.2857387
197,"Харків","пр. Московський, 122","Харків пр. Московський, 122",49.9783344,36.2851857
198,"Харків","вул. Ковтуна, 15","Харків вул. Ковтуна, 15",49.9617296,36.2893884
199,"Харків","вул. Ковтуна, 19","Харків вул. Ковтуна, 19",49.9612263,36.2925015
200,"Харків","вул. Ковтуна, 23","Харків вул. Ковтуна, 23",49.9604675,36.2926527
201,"Харків","вул. Ковтуна, 40","Харків вул. Ковтуна, 40",49.9602931,36.29336
202,"Харків","вул. Ковтуна, 42","Харків вул. Ковтуна, 42",49.9601286,36.2942612
203,"Харків","вул. Польова, 87","Харків вул. Польова, 87",49.9680053,36.2681367
204,"Харків","вул. Аскольдівська, 6Б","Харків вул. Аскольдівська, 6Б",49.9484906,36.2745373
205,"Харків","вул. Аскольдівська, 6В","Харків вул. Аскольдівська, 6В",49.9484055,36.2739439
206,"Харків","вул. Киргизька, 9","Харків вул. Киргизька, 9",49.9471919,36.2725177
207,"Харків","вул. Киргизька, 9Б","Харків вул. Киргизька, 9Б",49.9472022,36.273127
208,"Харків","вул. Киргизька, 9Д","Харків вул. Киргизька, 9Д",49.9471919,36.2725177
209,"Харків","вул. Спиридонівська, 15","Харків вул. Спиридонівська, 15",49.9852627,36.2678677
210,"Харків","вул. Фесенківська, 12/14","Харків вул. Фесенківська, 12/14",49.9842243,36.2687102
211,"Харків","пров. Брянський, 5А","Харків пров. Брянський, 5А",49.9853544,36.2710614
212,"Харків","вул. Молочна, 11 К4","Харків вул. Молочна, 11 К4",49.980245,36.254493
213,"Харків","вул. Молочна, 11 К5","Харків вул. Молочна, 11 К5",49.980245,36.254493
214,"Харків","вул. Молочна, 11 К6","Харків вул. Молочна, 11 К6",49.980245,36.254493
215,"Харків","вул. Молочна, 11 К7","Харків вул. Молочна, 11 К7",49.980245,36.254493
216,"Харків","вул. Молочна, 11 К8","Харків вул. Молочна, 11 К8",49.980245,36.254493
217,"Харків","вул. Плеханівська, 40","Харків вул. Плеханівська, 40",49.9812991,36.2550865
218,"Харків","вул. Плеханівська, 41/43","Харків вул. Плеханівська, 41/43",49.9820235,36.2554435
219,"Харків","вул. Плеханівська, 90А","Харків вул. Плеханівська, 90А",49.9779154,36.2657947
220,"Харків","вул. Мухачова, 16","Харків вул. Мухачова, 16",49.9619552,36.2923994
221,"Харків","вул. Мухачова, 18","Харків вул. Мухачова, 18",49.9617307,36.2929564
222,"Харків","вул. Мухачова, 20 ","Харків вул. Мухачова, 20 ",49.9618108,36.293755
223,"Харків","вул. Мухачова, 22","Харків вул. Мухачова, 22",49.9616861,36.2942909
224,"Харків","вул. Мухачова, 24","Харків вул. Мухачова, 24",49.9616114,36.2948162
225,"Харків","вул. Мухачова, 5","Харків вул. Мухачова, 5",49.9631468,36.2877653
226,"Харків","вул. Мухачова, 5А","Харків вул. Мухачова, 5А",49.9635112,36.2878417
227,"Харків","вул. Дизельна, 2А","Харків вул. Дизельна, 2А",49.9640905,36.2882806
228,"Харків","вул. Дизельна, 2Б","Харків вул. Дизельна, 2Б",49.9637809,36.2879891
229,"Харків","вул. Дизельна, 4","Харків вул. Дизельна, 4",49.963921,36.2888771
230,"Харків","вул. Дизельна, 6","Харків вул. Дизельна, 6",49.9638513,36.2894525
231,"Харків","вул. Ковтуна, 10","Харків вул. Ковтуна, 10",49.9616131,36.2849272
232,"Харків","вул. Ковтуна, 10А","Харків вул. Ковтуна, 10А",49.9612488,36.2851057
233,"Харків","вул. Ковтуна, 12","Харків вул. Ковтуна, 12",49.9615734,36.2855471
234,"Харків","вул. Ковтуна, 16","Харків вул. Ковтуна, 16",49.9614689,36.2862828
235,"Харків","вул. Ковтуна, 20","Харків вул. Ковтуна, 20",49.9613145,36.2872837
236,"Харків","вул. Ковтуна, 24","Харків вул. Ковтуна, 24",49.9610652,36.2883555
237,"Харків","вул. Ковтуна, 5","Харків вул. Ковтуна, 5",49.9618287,36.2873286
238,"Харків","вул. Морозова, 5","Харків вул. Морозова, 5",49.9627217,36.2858157
239,"Харків","вул. Тепловозна, 10","Харків вул. Тепловозна, 10",49.9617491,36.288059
240,"Харків","вул. Тепловозна, 2","Харків вул. Тепловозна, 2",49.9635515,36.2887508
241,"Харків","вул. Тепловозна, 3","Харків вул. Тепловозна, 3",49.9629276,36.2891366
242,"Харків","вул. Тепловозна, 4","Харків вул. Тепловозна, 4",49.9631021,36.2885903
243,"Харків","вул. Тепловозна, 5","Харків вул. Тепловозна, 5",49.9625231,36.2889158
244,"Харків","вул. Тепловозна, 6","Харків вул. Тепловозна, 6",49.9626228,36.2883853
245,"Харків","вул. Тепловозна, 7","Харків вул. Тепловозна, 7",49.9621237,36.2887449
246,"Харків","вул. Тепловозна, 9","Харків вул. Тепловозна, 9",49.9617043,36.2886291
247,"Харків","вул. Чорноморська, 3","Харків вул. Чорноморська, 3",49.9637905,36.2870694
248,"Харків","вул. Морозова, 22Б","Харків вул. Морозова, 22Б",49.9485033,36.2802419
249,"Харків","пр. Московський, 124","Харків пр. Московський, 124",49.9773866,36.2879346
250,"Харків","пр. Московський, 124/3","Харків пр. Московський, 124/3",49.9776505,36.2857374
251,"Харків","пр. Московський, 124/5А","Харків пр. Московський, 124/5А",49.9780253,36.2866785
252,"Харків","вул. Плеханівська, 98А","Харків вул. Плеханівська, 98А",49.9772388,36.2702204
253,"Харків","вул. Оренбурзька, 4","Харків вул. Оренбурзька, 4",49.9795077,36.2646431
254,"Харків","вул. Плеханівська, 73 №1","Харків вул. Плеханівська, 73 №1",49.9788537,36.264985
255,"Харків","вул. Плеханівська, 73 №2","Харків вул. Плеханівська, 73 №2",49.9788537,36.264985
256,"Харків","вул. Смольна, 26","Харків вул. Смольна, 26",49.9768751,36.2630562
257,"Харків","вул. Броненосця Потьомкін, 1 №1","Харків вул. Броненосця Потьомкін, 1 №1",49.9861273,36.2688587
258,"Харків","вул. Броненосця Потьомкін, 1 №2","Харків вул. Броненосця Потьомкін, 1 №2",49.9861273,36.2688587
259,"Харків","вул. Броненосця Потьомкін, 1Б №1","Харків вул. Броненосця Потьомкін, 1Б №1",49.9862863,36.267397
260,"Харків","вул. Броненосця Потьомкін, 1Б №2","Харків вул. Броненосця Потьомкін, 1Б №2",49.9862863,36.267397
261,"Харків","вул. Кошкіна, 10","Харків вул. Кошкіна, 10",49.9757037,36.2876763
262,"Харків","пр. Московський, 124/4","Харків пр. Московський, 124/4",49.9770867,36.2869777
263,"Харків","пр. Московський, 124А №1","Харків пр. Московський, 124А №1",49.9773866,36.2879346
264,"Харків","пр. Московський, 124А №2","Харків пр. Московський, 124А №2",49.9773866,36.2879346
265,"Харків","вул. Переїзна, 28","Харків вул. Переїзна, 28",49.9671541,36.2639827
266,"Харків","вул. Аерофлотська, 11","Харків вул. Аерофлотська, 11",49.9200909,36.2781154
267,"Харків","вул. Аерофлотська, 12","Харків вул. Аерофлотська, 12",49.9194866,36.2766639
268,"Харків","вул. Аерофлотська, 14","Харків вул. Аерофлотська, 14",49.9194423,36.2777425
269,"Харків","вул. Аерофлотська, 18","Харків вул. Аерофлотська, 18",49.9187688,36.2776296
270,"Харків","вул. Аерофлотська, 7","Харків вул. Аерофлотська, 7",49.9202243,36.2753885
271,"Харків","вул. Нестерова, 3","Харків вул. Нестерова, 3",49.9166341,36.2781799
272,"Харків","вул. Нестерова, 4","Харків вул. Нестерова, 4",49.9159314,36.2795497
273,"Харків","вул. Нестерова, 6","Харків вул. Нестерова, 6",49.9162709,36.2801403
274,"Харків","вул. Ромашкіна, 6А","Харків вул. Ромашкіна, 6А",49.9181514,36.2801014
275,"Харків","пров. Пілотів, 1А","Харків пров. Пілотів, 1А",49.9150736,36.2798827
276,"Харків","пров. Пілотів, 3","Харків пров. Пілотів, 3",49.9153133,36.2804943
277,"Харків","пров. Пілотів, 5","Харків пров. Пілотів, 5",49.9155032,36.2811163
278,"Харків","пров. Пілотів, 7","Харків пров. Пілотів, 7",49.9161216,36.2809353
279,"Харків","пров. Пілотів, 7А","Харків пров. Пілотів, 7А",49.9157029,36.2815836
280,"Харків","пр. Гагарін, 203","Харків пр. Гагарін, 203",49.9193701,36.2732258
281,"Харків","пр. Гагаріна, 205","Харків пр. Гагаріна, 205",49.9188317,36.2736955
282,"Харків","пр. Гагаріна, 205/1","Харків пр. Гагаріна, 205/1",49.9188419,36.2743043
283,"Харків","пр. Гагаріна, 211","Харків пр. Гагаріна, 211",49.9159148,36.2760909
284,"Харків","пр. Гагаріна, 191А","Харків пр. Гагаріна, 191А",49.9307347,36.2644174
285,"Харків","пр. Гагаріна, 193","Харків пр. Гагаріна, 193",49.9302112,36.2650369
286,"Харків","пр. Гагаріна, 193А","Харків пр. Гагаріна, 193А",49.9311941,36.2649319
287,"Харків","пр. Гагаріна, 195","Харків пр. Гагаріна, 195",49.9297418,36.2644227
288,"Харків","пр. Гагаріна, 195А","Харків пр. Гагаріна, 195А",49.9308701,36.2655093
289,"Харків","пр. Гагаріна, 197","Харків пр. Гагаріна, 197",49.9295977,36.265268
290,"Харків","пр. Гагаріна, 199","Харків пр. Гагаріна, 199",49.9290836,36.2649689
291,"Харків","пр. Гагаріна, 199А","Харків пр. Гагаріна, 199А",49.9291791,36.266171
292,"Харків","вул. Танкопія, 28 №1","Харків вул. Танкопія, 28 №1",49.951988,36.322845
293,"Харків","вул. Танкопія, 28 №2","Харків вул. Танкопія, 28 №2",49.951988,36.322845
294,"Харків","вул. Танкопія, 28А","Харків вул. Танкопія, 28А",49.9512372,36.3215059
295,"Харків","вул. Танкопія, 32 №1","Харків вул. Танкопія, 32 №1",49.951534,36.324337
296,"Харків","вул. Танкопія, 32 №2","Харків вул. Танкопія, 32 №2",49.951534,36.324337
297,"Харків","вул. Танкопія, 34","Харків вул. Танкопія, 34",49.9512969,36.3259268
298,"Харків","пр. Петра Григоренка, 23","Харків пр. Петра Григоренка, 23",49.9538077,36.3161263
299,"Харків","пр. Петра Григоренка, 27","Харків пр. Петра Григоренка, 27",49.9531139,36.3160677
300,"Харків","пр. Петра Григоренка, 31","Харків пр. Петра Григоренка, 31",49.9527245,36.3154867
301,"Харків","пр. Петра Григоренка, 37","Харків пр. Петра Григоренка, 37",49.9513319,36.31481
302,"Харків","пр. Петра Григоренка, 41 №1","Харків пр. Петра Григоренка, 41 №1",49.950626,36.3151851
303,"Харків","пр. Петра Григоренка, 41 №2","Харків пр. Петра Григоренка, 41 №2",49.950626,36.3151851
304,"Харків","пр. Петра Григоренка, 45","Харків пр. Петра Григоренка, 45",49.9476284,36.3135012
305,"Харків","вул. Рибалка, 21/15 -№1","Харків вул. Рибалка, 21/15 -№1",49.957019,36.3419639
306,"Харків","вул. Рибалка, 21/15 -№2","Харків вул. Рибалка, 21/15 -№2",49.957019,36.3419639
307,"Харків","вул. Рибалка, 23","Харків вул. Рибалка, 23",49.9567995,36.3430229
308,"Харків","вул. Рибалка, 27","Харків вул. Рибалка, 27",49.9569441,36.3437063
309,"Харків","вул. Рибалка, 29","Харків вул. Рибалка, 29",49.956879,36.3443315
310,"Харків","вул. Рибалка, 33","Харків вул. Рибалка, 33",49.9563099,36.3437782
311,"Харків","вул. Рибалка, 35","Харків вул. Рибалка, 35",49.9571182,36.3457087
312,"Харків","вул. Рибалка, 37 №1","Харків вул. Рибалка, 37 №1",49.9562597,36.3457859
313,"Харків","вул. Рибалка, 37 №2","Харків вул. Рибалка, 37 №2",49.9562597,36.3457859
314,"Харків","вул. Рибалка, 39","Харків вул. Рибалка, 39",49.9566537,36.3466721
315,"Харків","пр. Московський, 220","Харків пр. Московський, 220",49.9607525,36.3448483
316,"Харків","пр. Московський, 222","Харків пр. Московський, 222",49.9727621,36.3006482
317,"Харків","пр. Московський, 226","Харків пр. Московський, 226",49.9603179,36.3461114
318,"Харків","пр. Московський, 226-А","Харків пр. Московський, 226-А",49.9598387,36.3459057
319,"Харків","пр. Московський, 228","Харків пр. Московський, 228",49.9598535,36.3465652
320,"Харків","пр. Московський, 232","Харків пр. Московський, 232",49.9602925,36.3473912
321,"Харків","пр. Московський, 232-А","Харків пр. Московський, 232-А",49.9602925,36.3473912
322,"Харків","пр. Московський, 234","Харків пр. Московський, 234",49.972333,36.3020438
323,"Харків","пр. Московський, 234А","Харків пр. Московський, 234А",49.972333,36.3020438
324,"Харків","пр. Московський, 236","Харків пр. Московський, 236",49.9595934,36.3480465
325,"Харків","пр. Московський, 238","Харків пр. Московський, 238",49.959713,36.3487352
326,"Харків","пр. Московський, 238А","Харків пр. Московський, 238А",49.959713,36.3487352
327,"Харків","пр. Московський, 240","Харків пр. Московський, 240",49.9593285,36.3492233
328,"Харків","б-р Богдана Хмельницького, 4","Харків б-р Богдана Хмельницького, 4",49.9590984,36.3504945
329,"Харків","б-р Богдана Хмельницького, 6","Харків б-р Богдана Хмельницького, 6",49.9586544,36.3498736
330,"Харків","б-р Богдана Хмельницького, 10","Харків б-р Богдана Хмельницького, 10",49.9577409,36.3499112
331,"Харків","б-р Богдана Хмельницького, 12","Харків б-р Богдана Хмельницького, 12",49.9576762,36.3492621
332,"Харків","б-р Богдана Хмельницького, 14","Харків б-р Богдана Хмельницького, 14",49.9577213,36.3486919
333,"Харків","б-р Богдана Хмельницького, 16","Харків б-р Богдана Хмельницького, 16",49.9578163,36.3481116
334,"Харків","б-р Богдана Хмельницького, 18","Харків б-р Богдана Хмельницького, 18",49.957662,36.3468185
335,"Харків","б-р Богдана Хмельницького, 20","Харків б-р Богдана Хмельницького, 20",49.9572375,36.3474168
336,"Харків","вул. Ощепкова, 1 ","Харків вул. Ощепкова, 1 ",49.960308,36.3411589
337,"Харків","вул. Ощепкова, 3","Харків вул. Ощепкова, 3",49.9604935,36.3427615
338,"Харків","вул. Ощепкова, 7","Харків вул. Ощепкова, 7",49.9600137,36.3424583
339,"Харків","вул. Ощепкова, 7А","Харків вул. Ощепкова, 7А",49.95964,36.3423791
340,"Харків","вул. Ощепкова, 11","Харків вул. Ощепкова, 11",49.9577581,36.342415
341,"Харків","вул. Ощепкова, 13","Харків вул. Ощепкова, 13",49.9575636,36.3414872
342,"Харків","пр-д Стадіонний, 2","Харків пр-д Стадіонний, 2",49.960257,36.3194654
343,"Харків","пр-д Стадіонний, 2/4","Харків пр-д Стадіонний, 2/4",49.9592386,36.3189648
344,"Харків","пр-д Стадіонний, 4","Харків пр-д Стадіонний, 4",49.9597577,36.3221184
345,"Харків","пр-д Стадіонний, 4/3","Харків пр-д Стадіонний, 4/3",49.9593035,36.3224173
346,"Харків","пр-д Стадіонний, 4/4 №1","Харків пр-д Стадіонний, 4/4 №1",49.9587744,36.3214576
347,"Харків","пр-д Стадіонний, 4/4 №2","Харків пр-д Стадіонний, 4/4 №2",49.9587744,36.3214576
348,"Харків","пр-д Стадіонний, 5","Харків пр-д Стадіонний, 5",49.9603318,36.3209788
349,"Харків","пр-д Стадіонний, 6","Харків пр-д Стадіонний, 6",49.9593982,36.3241305
350,"Харків","пр-д Стадіонний, 6/1","Харків пр-д Стадіонний, 6/1",49.9591737,36.323158
351,"Харків","пр-д Стадіонний, 6/3","Харків пр-д Стадіонний, 6/3",49.9587393,36.3241664
352,"Харків","пр-д Стадіонний, 9","Харків пр-д Стадіонний, 9",49.9598875,36.3228968
353,"Харків","пр. Петра Григоренка, 13 ","Харків пр. Петра Григоренка, 13 ",49.9597178,36.3186606
354,"Харків","пр. Петра Григоренка, 21/1 №1","Харків пр. Петра Григоренка, 21/1 №1",49.9566828,36.3183785
355,"Харків","пр. Петра Григоренка, 21/1 №2","Харків пр. Петра Григоренка, 21/1 №2",49.9566828,36.3183785
356,"Харків","пр. Петра Григоренка, 21","Харків пр. Петра Григоренка, 21",49.9568975,36.3174671
357,"Харків","вул. Танкопія, 9/23","Харків вул. Танкопія, 9/23",49.9561837,36.3174636
358,"Харків","вул. Танкопія, 13А №1","Харків вул. Танкопія, 13А №1",49.9552053,36.3224594
359,"Харків","вул. Танкопія, 13А №2","Харків вул. Танкопія, 13А №2",49.9552053,36.3224594
360,"Харків","вул. Танкопія, 9А №1","Харків вул. Танкопія, 9А №1",49.9559041,36.3187453
361,"Харків","вул. Танкопія, 9А №2","Харків вул. Танкопія, 9А №2",49.9559041,36.3187453
362,"Харків","вул. Танкопія, 9А №3","Харків вул. Танкопія, 9А №3",49.9559041,36.3187453
363,"Харків","вул. Танкопія, 11/3 №1","Харків вул. Танкопія, 11/3 №1",49.9577211,36.3216269
364,"Харків","вул. Танкопія, 11/3 №2","Харків вул. Танкопія, 11/3 №2",49.9577211,36.3216269
365,"Харків","вул. Танкопія, 11/3 №3","Харків вул. Танкопія, 11/3 №3",49.9577211,36.3216269
366,"Харків","вул. Танкопія, 9/3 №1","Харків вул. Танкопія, 9/3 №1",49.9576263,36.3199139
367,"Харків","вул. Танкопія, 9/3 №2","Харків вул. Танкопія, 9/3 №2",49.9576263,36.3199139
368,"Харків","вул. Танкопія, 9/3 №3","Харків вул. Танкопія, 9/3 №3",49.9576263,36.3199139
369,"Харків","пров. 23 Серпня, 1 №1","Харків пров. 23 Серпня, 1 №1",50.0295991,36.2067009
370,"Харків","пров. 23 Серпня, 1 №2","Харків пров. 23 Серпня, 1 №2",50.0318973,36.2382774
371,"Харків","пров. 23 Серпня, 1 №3","Харків пров. 23 Серпня, 1 №3",50.0318911,36.2369512
372,"Харків","пров. 23 Серпня, 1 №4","Харків пров. 23 Серпня, 1 №4",50.0322116,36.2375983
373,"Харків","пров. 23 Серпня, 3","Харків пров. 23 Серпня, 3",50.0318911,36.2369512
374,"Харків","пров. 23 Серпня, 5","Харків пров. 23 Серпня, 5",50.0322303,36.2362668
375,"Харків","пров. 23 Серпня, 6","Харків пров. 23 Серпня, 6",50.0324759,36.2369297
376,"Харків","пров. 23 Серпня, 7","Харків пров. 23 Серпня, 7",50.0325494,36.2353822
377,"Харків","пров. 23 Серпня, 8","Харків пров. 23 Серпня, 8",50.0327851,36.2362005
378,"Харків","пров. 23 Серпня, 10 №1","Харків пров. 23 Серпня, 10 №1",50.0331693,36.2354555
379,"Харків","пров. 23 Серпня, 10 №2","Харків пров. 23 Серпня, 10 №2",50.0331693,36.2354555
380,"Харків","пров. 23 Серпня, 10 №3","Харків пров. 23 Серпня, 10 №3",50.0331693,36.2354555
381,"Харків","вул. 23 Серпня, 77","Харків вул. 23 Серпня, 77",50.0318291,36.2348199
382,"Харків","вул. 23 Серпня, 75","Харків вул. 23 Серпня, 75",50.0321881,36.2338249
383,"Харків","вул. 23 Серпня, 79","Харків вул. 23 Серпня, 79",50.0312047,36.2352073
384,"Харків","вул. 23 Серпня, 81","Харків вул. 23 Серпня, 81",50.03151,36.2357043
385,"Харків","вул. Балакірєва, 50","Харків вул. Балакірєва, 50",50.0326173,36.2385847
386,"Харків","вул. Балакірєва, 50А","Харків вул. Балакірєва, 50А",50.0331776,36.2390791
387,"Харків","вул. Дерев'янка, 46","Харків вул. Дерев'янка, 46",50.0354413,36.2386797
388,"Харків","вул. Дерев'янка, 48 №1","Харків вул. Дерев'янка, 48 №1",50.03564,36.2390279
389,"Харків","вул. Дерев'янка, 48 №2","Харків вул. Дерев'янка, 48 №2",50.03564,36.2390279
390,"Харків","вул. Дерев'янка, 50","Харків вул. Дерев'янка, 50",50.0350121,36.2390485
391,"Харків","вул. Дерев'янка, 52","Харків вул. Дерев'янка, 52",50.0352528,36.2399167
392,"Харків","вул. Новопрудна, 9А","Харків вул. Новопрудна, 9А",50.0347863,36.2372265
393,"Харків","вул. Отакара Яроша, 59","Харків вул. Отакара Яроша, 59",50.0310855,36.2360494
394,"Харків","вул. Отакара Яроша, 61 №1","Харків вул. Отакара Яроша, 61 №1",50.0315114,36.2372358
395,"Харків","вул. Отакара Яроша, 61 №2","Харків вул. Отакара Яроша, 61 №2",50.0315114,36.2372358
396,"Харків","вул. Отакара Яроша, 61 №3","Харків вул. Отакара Яроша, 61 №3",50.0315114,36.2372358
397,"Харків","вул. Отакара Яроша, 61А","Харків вул. Отакара Яроша, 61А",50.0315114,36.2372358
398,"Харків","вул. Старицького, 6","Харків вул. Старицького, 6",50.0344875,36.2394147
399,"Харків","вул. Старицького, 9 №1","Харків вул. Старицького, 9 №1",50.0336113,36.2378129
400,"Харків","вул. Старицького, 9 №2","Харків вул. Старицького, 9 №2",50.0336113,36.2378129
401,"Харків","вул. Старицького, 9 №3","Харків вул. Старицького, 9 №3",50.0336113,36.2378129
402,"Харків","вул. Старицького, 9 №4","Харків вул. Старицького, 9 №4",50.0336113,36.2378129
403,"Харків","вул. Старицького, 9 №5","Харків вул. Старицького, 9 №5",50.0336113,36.2378129
404,"Харків","вул. Старицького, 9 №6","Харків вул. Старицького, 9 №6",50.0337325,36.2387878
405,"Харків","вул. Саперна, 12","Харків вул. Саперна, 12",50.0302449,36.2931561
406,"Харків","вул. Саперна, 14","Харків вул. Саперна, 14",50.030145,36.2936876
407,"Харків","вул. Саперна, 20 №1","Харків вул. Саперна, 20 №1",50.0294661,36.297098
408,"Харків","вул. Саперна, 20 №2","Харків вул. Саперна, 20 №2",50.0294661,36.297098
409,"Харків","вул. Саперна, 20 №3","Харків вул. Саперна, 20 №3",50.0294661,36.297098
410,"Харків","вул. Саперна, 30 №1","Харків вул. Саперна, 30 №1",50.0291716,36.2987426
411,"Харків","вул. Саперна, 30 №2","Харків вул. Саперна, 30 №2",50.0291716,36.2987426
412,"Харків","вул. Саперна, 34 №1","Харків вул. Саперна, 34 №1",50.0286069,36.2992186
413,"Харків","вул. Саперна, 34 №2","Харків вул. Саперна, 34 №2",50.0286069,36.2992186
414,"Харків","вул. Саперна, 34 №3","Харків вул. Саперна, 34 №3",50.0286069,36.2992186
415,"Харків","вул. Шевченка, 333","Харків вул. Шевченка, 333",50.0269473,36.2979334
416,"Харків","вул. Шевченка, 335 №1","Харків вул. Шевченка, 335 №1",50.0274872,36.2982283
417,"Харків","вул. Шевченка, 335 №2","Харків вул. Шевченка, 335 №2",50.0274872,36.2982283
418,"Харків","вул. Шевченка, 335 №3","Харків вул. Шевченка, 335 №3",50.0274872,36.2982283
419,"Харків","вул. Шевченка, 339","Харків вул. Шевченка, 339",50.0281517,36.2972208
420,"Харків","вул. Шевченка, 341 №1","Харків вул. Шевченка, 341 №1",50.0280919,36.2981523
421,"Харків","вул. Шевченка, 341 №2","Харків вул. Шевченка, 341 №2",50.0280919,36.2981523
422,"Харків","вул. Шевченка, 343 №1","Харків вул. Шевченка, 343 №1",50.0280321,36.299084
423,"Харків","вул. Шевченка, 343 №2","Харків вул. Шевченка, 343 №2",50.0280321,36.299084
424,"Харків","вул. Шевченка, 343 №3","Харків вул. Шевченка, 343 №3",50.0280321,36.299084
425,"Харків","пр. Академіка Курчатова, 4","Харків пр. Академіка Курчатова, 4",50.083184,36.2427589
426,"Харків","пр. Академіка Курчатова, 8","Харків пр. Академіка Курчатова, 8",50.0826991,36.2411793
427,"Харків","пр. Академіка Курчатова, 8а","Харків пр. Академіка Курчатова, 8а",50.0824214,36.240262
428,"Харків","пр. Академіка Курчатова, 10 №1","Харків пр. Академіка Курчатова, 10 №1",50.083503,36.2413621
429,"Харків","пр. Академіка Курчатова, 10 №2","Харків пр. Академіка Курчатова, 10 №2",50.083503,36.2413621
430,"Харків","пр. Академіка Курчатова, 10 №3","Харків пр. Академіка Курчатова, 10 №3",50.083503,36.2413621
431,"Харків","пр. Академіка Курчатова, 10 №4","Харків пр. Академіка Курчатова, 10 №4",50.083503,36.2413621
432,"Харків","пр. Академіка Курчатова, 28","Харків пр. Академіка Курчатова, 28",50.0884715,36.2598964
433,"Харків","вул. Гацева, 1 №1","Харків вул. Гацева, 1 №1",50.085643,36.2397848
434,"Харків","вул. Гацева, 1 №2","Харків вул. Гацева, 1 №2",50.085643,36.2397848
435,"Харків","вул. Гацева, 1 №3","Харків вул. Гацева, 1 №3",50.085643,36.2397848
436,"Харків","вул. Гацева, 1 №4","Харків вул. Гацева, 1 №4",50.085643,36.2397848
437,"Харків","вул. Гацева, 7А","Харків вул. Гацева, 7А",50.0840598,36.2372568
438,"Харків","вул. Гацева, 7Б","Харків вул. Гацева, 7Б",50.0835745,36.2372573
439,"Харків","вул. Академіка Вальтера, 9","Харків вул. Академіка Вальтера, 9",50.0903595,36.2571942
440,"Харків","вул. Академіка Вальтера, 10","Харків вул. Академіка Вальтера, 10",50.0916365,36.2587142
441,"Харків","вул. Академіка Вальтера, 12","Харків вул. Академіка Вальтера, 12",50.0924024,36.2592173
442,"Харків","вул. Академіка Вальтера, 13","Харків вул. Академіка Вальтера, 13",50.0914758,36.2578789
443,"Харків","вул. Академіка Вальтера, 15","Харків вул. Академіка Вальтера, 15",50.0919414,36.2581897
444,"Харків","вул. Академіка Вальтера, 17","Харків вул. Академіка Вальтера, 17",50.0925421,36.2585742
445,"Харків","вул. Академіка Вальтера, 21","Харків вул. Академіка Вальтера, 21",50.0933174,36.2594524
446,"Харків","вул. Академіка Вальтера, 21А","Харків вул. Академіка Вальтера, 21А",50.0933174,36.2594524
447,"Харків","пр. Академіка Курчатова, 5","Харків пр. Академіка Курчатова, 5",50.0863347,36.2542606
448,"Харків","вул. Академіка Курчатова, 7","Харків вул. Академіка Курчатова, 7",50.0865553,36.2549298
449,"Харків","пр. Академіка Курчатова, 9","Харків пр. Академіка Курчатова, 9",50.0869159,36.2554672
450,"Харків","пр. Академіка Курчатова, 11","Харків пр. Академіка Курчатова, 11",50.0869415,36.2562287
451,"Харків","пр. Академіка Курчатова, 13","Харків пр. Академіка Курчатова, 13",50.0872373,36.2571377
452,"Харків","пр. Академіка Курчатова, 17","Харків пр. Академіка Курчатова, 17",50.0876382,36.2580756
453,"Харків","пр. Академіка Курчатова, 25","Харків пр. Академіка Курчатова, 25",50.090702,36.2605989
454,"Харків","пр. Академіка Курчатова, 27","Харків пр. Академіка Курчатова, 27",50.0915229,36.2611415
455,"Харків","вул. Академіка Синельникова, 1","Харків вул. Академіка Синельникова, 1",50.091943,36.260746
456,"Харків","вул. Академіка Синельникова, 3","Харків вул. Академіка Синельникова, 3",50.0921629,36.2603928
457,"Харків","вул. Академіка Синельникова, 5","Харків вул. Академіка Синельникова, 5",50.0923627,36.2598393
458,"Харків","п-д Євпаторійський, 1","Харків п-д Євпаторійський, 1",50.087041,36.254594
459,"Харків","п-д Євпаторійський, 2","Харків п-д Євпаторійський, 2",50.087563,36.255021
460,"Харків","п-д Євпаторійський, 3","Харків п-д Євпаторійський, 3",50.087391,36.254211
461,"Харків","п-д Євпаторійський, 5","Харків п-д Євпаторійський, 5",50.087560,36.253658
462,"Харків","вул. Академіка Волкова, 1","Харків вул. Академіка Волкова, 1",49.9860968,36.2774336
463,"Харків","вул. Академіка Волкова, 2","Харків вул. Академіка Волкова, 2",50.0875922,36.2566026
464,"Харків","вул. Академіка Волкова, 3","Харків вул. Академіка Волкова, 3",50.0878817,36.2556722
465,"Харків","вул. Академіка Волкова, 4","Харків вул. Академіка Волкова, 4",50.0880622,36.2561965
466,"Харків","вул. Гаркуші, 3","Харків вул. Гаркуші, 3",50.0896195,36.2579639
467,"Харків","б-р Миру, 1","Харків б-р Миру, 1",50.0881183,36.2577697
468,"Харків","б-р Миру, 2","Харків б-р Миру, 2",50.088439,36.2584178
469,"Харків","б-р Миру, 3","Харків б-р Миру, 3",50.0885981,36.2569527
470,"Харків","б-р Миру, 4","Харків б-р Миру, 4",50.0889188,36.2576007
471,"Харків","вул. Кисловодська, 15","Харків вул. Кисловодська, 15",50.0109248,36.278842
472,"Харків","вул. Шевченка, 301","Харків вул. Шевченка, 301",50.0135317,36.2882966
473,"Харків","вул. Леся Сердюка, 14 №1","Харків вул. Леся Сердюка, 14 №1",50.0334971,36.3474169
474,"Харків","вул. Леся Сердюка, 14 №2","Харків вул. Леся Сердюка, 14 №2",50.0334971,36.3474169
475,"Харків","вул. Дружби Народів, 218 №1","Харків вул. Дружби Народів, 218 №1",50.0334462,36.3499806
476,"Харків","вул. Дружби Народів, 218 №2","Харків вул. Дружби Народів, 218 №2",50.0334462,36.3499806
477,"Харків","вул. Дружби Народів, 236А","Харків вул. Дружби Народів, 236А",50.0331456,36.3518306
478,"Харків","вул. Гвардійців Широнінців, 40 №1","Харків вул. Гвардійців Широнінців, 40 №1",50.0164658,36.3446941
479,"Харків","вул. Гвардійців Широнінців, 40 №2","Харків вул. Гвардійців Широнінців, 40 №2",50.0164658,36.3446941
480,"Харків","вул. Гвардійців Широнінців, 40 №3","Харків вул. Гвардійців Широнінців, 40 №3",50.0164658,36.3446941
481,"Харків","вул. Гвардійців Широнінців, 40 №4","Харків вул. Гвардійців Широнінців, 40 №4",50.0164658,36.3446941
482,"Харків","вул. Гвардійців Широнінців, 40 №5","Харків вул. Гвардійців Широнінців, 40 №5",50.0164658,36.3446941
483,"Харків","вул. Гвардійців Широнінців, 40 №6","Харків вул. Гвардійців Широнінців, 40 №6",50.0164658,36.3446941
484,"Харків","вул. Гвардійців Широнінців, 40 №7","Харків вул. Гвардійців Широнінців, 40 №7",50.0164658,36.3446941
485,"Харків","вул. Гвардійців Широнінців, 40 №8","Харків вул. Гвардійців Широнінців, 40 №8",50.0164658,36.3446941
486,"Харків","вул. Гвардійців Широнінців, 40 №9","Харків вул. Гвардійців Широнінців, 40 №9",50.0164658,36.3446941
487,"Харків","вул. Гвардійців Широнінців, 40 №10","Харків вул. Гвардійців Широнінців, 40 №10",50.0164658,36.3446941
488,"Харків","вул. Гвардійців Широнінців, 40 №11","Харків вул. Гвардійців Широнінців, 40 №11",50.0164658,36.3446941
489,"Харків","вул. Гвардійців Широнінців, 38А","Харків вул. Гвардійців Широнінців, 38А",50.0145323,36.3437198
490,"Харків","вул. Гвардійців Широнінців, 38Б","Харків вул. Гвардійців Широнінців, 38Б",50.0142523,36.3444927
491,"Харків","вул. Гвардійців Широнінців, 38В","Харків вул. Гвардійців Широнінців, 38В",50.0139123,36.3451762
492,"Харків","вул. Гвардійців Широнінців, 40Б №1","Харків вул. Гвардійців Широнінців, 40Б №1",50.0154911,36.3456633
493,"Харків","вул. Гвардійців Широнінців, 40Б №2","Харків вул. Гвардійців Широнінців, 40Б №2",50.0154911,36.3456633
494,"Харків","вул. Гвардійців Широнінців, 40В","Харків вул. Гвардійців Широнінців, 40В",50.0159711,36.3448483
495,"Харків","вул. Гвардійців Широнінців, 40Г","Харків вул. Гвардійців Широнінців, 40Г",50.0168302,36.3457919
496,"Харків","вул. Гвардійців Широнінців, 40Д №1","Харків вул. Гвардійців Широнінців, 40Д №1",50.0166101,36.3466544
497,"Харків","вул. Гвардійців Широнінців, 40Д №2","Харків вул. Гвардійців Широнінців, 40Д №2",50.0166101,36.3466544
498,"Харків","пр. Тракторобудівників, 83Г №1","Харків пр. Тракторобудівників, 83Г №1",50.0130319,36.348116
499,"Харків","пр. Тракторобудівників, 83Г №2","Харків пр. Тракторобудівників, 83Г №2",50.0130319,36.348116
500,"Харків","пр. Тракторобудівників, 85Г №1","Харків пр. Тракторобудівників, 85Г №1",50.0140706,36.3498387
501,"Харків","пр. Тракторобудівників, 85Г №2","Харків пр. Тракторобудівників, 85Г №2",50.0140706,36.3498387
502,"Харків","пр. Тракторобудівників, 85В №1","Харків пр. Тракторобудівників, 85В №1",50.0135102,36.3518953
503,"Харків","пр. Тракторобудівників, 85В №2","Харків пр. Тракторобудівників, 85В №2",50.0135102,36.3518953
504,"Харків","пр. Тракторобудівників, 85А","Харків пр. Тракторобудівників, 85А",50.0140699,36.3518806
505,"Харків","пр. Тракторобудівників, 87А","Харків пр. Тракторобудівників, 87А",50.0146287,36.3539076
506,"Харків","пр. Тракторобудівників, 87Б №1","Харків пр. Тракторобудівників, 87Б №1",50.0146287,36.3539076
507,"Харків","пр. Тракторобудівників, 87Б №2","Харків пр. Тракторобудівників, 87Б №2",50.0146287,36.3539076
508,"Харків","пр. Тракторобудівників, 87Б №3","Харків пр. Тракторобудівників, 87Б №3",50.0146287,36.3539076
509,"Харків","пр. Тракторобудівників, 71Г","Харків пр. Тракторобудівників, 71Г",50.0020884,36.3368273
510,"Харків","пр. Тракторобудівників, 71Б №1","Харків пр. Тракторобудівників, 71Б №1",50.0024227,36.3389007
511,"Харків","пр. Тракторобудівників, 71Б №2","Харків пр. Тракторобудівників, 71Б №2",50.0024227,36.3389007
512,"Харків","пр. Тракторобудівників, 77А №1","Харків пр. Тракторобудівників, 77А №1",50.0031377,36.3360979
513,"Харків","пр. Тракторобудівників, 77А №2","Харків пр. Тракторобудівників, 77А №2",50.0031377,36.3360979
514,"Харків","пр. Тракторобудівників, 77А №3","Харків пр. Тракторобудівників, 77А №3",50.0031377,36.3360979
515,"Харків","пр. Тракторобудівників, 77 №1","Харків пр. Тракторобудівників, 77 №1",50.0038615,36.3384979
516,"Харків","пр. Тракторобудівників, 77 №2","Харків пр. Тракторобудівників, 77 №2",50.0038615,36.3384979
517,"Харків","пр. Тракторобудівників, 77 №3","Харків пр. Тракторобудівників, 77 №3",50.0038615,36.3384979
518,"Харків","пр. Тракторобудівників, 77 №4","Харків пр. Тракторобудівників, 77 №4",50.0038615,36.3384979
519,"Харків","пр. Тракторобудівників, 77 №5","Харків пр. Тракторобудівників, 77 №5",50.0038615,36.3384979
520,"Харків","пр. Тракторобудівників, 77 №6","Харків пр. Тракторобудівників, 77 №6",50.0038615,36.3384979
521,"Харків","пр. Тракторобудівників, 77 №7","Харків пр. Тракторобудівників, 77 №7",50.0038615,36.3384979
522,"Харків","пр. Тракторобудівників, 77 №8","Харків пр. Тракторобудівників, 77 №8",50.0038615,36.3384979
523,"Харків","пр. Тракторобудівників, 77 №9","Харків пр. Тракторобудівників, 77 №9",50.0038615,36.3384979
524,"Харків","пр. Тракторобудівників, 77 №10","Харків пр. Тракторобудівників, 77 №10",50.0038615,36.3384979
525,"Харків","пр. Тракторобудівників, 77 №11","Харків пр. Тракторобудівників, 77 №11",50.0038615,36.3384979
526,"Харків","вул. Владислава Зубенка, 34 №1","Харків вул. Владислава Зубенка, 34 №1",50.005718,36.337402
527,"Харків","вул. Владислава Зубенка, 34 №2","Харків вул. Владислава Зубенка, 34 №2",50.005718,36.337402
528,"Харків","вул. Владислава Зубенка, 34 №3","Харків вул. Владислава Зубенка, 34 №3",50.005718,36.337402
529,"Харків","вул. Владислава Зубенка, 36","Харків вул. Владислава Зубенка, 36",50.0055001,36.3390741
530,"Харків","вул. Владислава Зубенка, 36А №1","Харків вул. Владислава Зубенка, 36А №1",50.0047957,36.3386599
531,"Харків","вул. Владислава Зубенка, 36А №2","Харків вул. Владислава Зубенка, 36А №2",50.0047957,36.3386599
532,"Харків","вул. Владислава Зубенка, 34Б №1","Харків вул. Владислава Зубенка, 34Б №1",50.004861,36.3372685
533,"Харків","вул. Владислава Зубенка, 34Б №2","Харків вул. Владислава Зубенка, 34Б №2",50.004861,36.3372685
534,"Харків","вул. Гвардійців Широнінців,49Г №1","Харків вул. Гвардійців Широнінців,49Г №1",50.0115767,36.3330067
535,"Харків","вул. Гвардійців Широнінців,49Г №2","Харків вул. Гвардійців Широнінців,49Г №2",50.0115767,36.3330067
536,"Харків","вул. Гвардійців Широнінців,49В","Харків вул. Гвардійців Широнінців,49В",50.0111569,36.3339111
537,"Харків","вул. Гвардійців Широнінців,49А №1","Харків вул. Гвардійців Широнінців,49А №1",50.0105922,36.3341313
538,"Харків","вул. Гвардійців Широнінців,49А №2","Харків вул. Гвардійців Широнінців,49А №2",50.0105922,36.3341313
539,"Харків","вул. Гвардійців Широнінців,49А №3","Харків вул. Гвардійців Широнінців,49А №3",50.0105922,36.3341313
540,"Харків","вул. Гвардійців Широнінців,49А №4","Харків вул. Гвардійців Широнінців,49А №4",50.0105922,36.3341313
541,"Харків","вул. Валентинівська, 24Г №1","Харків вул. Валентинівська, 24Г №1",50.0121713,36.3330867
542,"Харків","вул. Валентинівська, 24Г №2","Харків вул. Валентинівська, 24Г №2",50.0121713,36.3330867
543,"Харків","вул. Валентинівська, 22 №1","Харків вул. Валентинівська, 22 №1",50.0146344,36.334511
544,"Харків","вул. Валентинівська, 22 №2","Харків вул. Валентинівська, 22 №2",50.0146344,36.334511
545,"Харків","вул. Валентинівська, 22 №3","Харків вул. Валентинівська, 22 №3",50.0146344,36.334511
546,"Харків","вул. Валентинівська, 22 №4","Харків вул. Валентинівська, 22 №4",50.0146344,36.334511
547,"Харків","вул. Валентинівська, 22 №5","Харків вул. Валентинівська, 22 №5",50.0146344,36.334511
548,"Харків","вул. Валентинівська, 22 №6","Харків вул. Валентинівська, 22 №6",50.0146344,36.334511
549,"Харків","вул. Валентинівська, 22 №7","Харків вул. Валентинівська, 22 №7",50.0146344,36.334511
550,"Харків","вул. Валентинівська, 22 №8","Харків вул. Валентинівська, 22 №8",50.0146344,36.334511
551,"Харків","вул. Валентинівська, 22 №9","Харків вул. Валентинівська, 22 №9",50.0146344,36.334511
552,"Харків","вул. Валентинівська, 24 №1","Харків вул. Валентинівська, 24 №1",50.01345,36.33567
553,"Харків","вул. Валентинівська, 24 №2","Харків вул. Валентинівська, 24 №2",50.01345,36.33567
554,"Харків","вул. Валентинівська, 24 №3","Харків вул. Валентинівська, 24 №3",50.01345,36.33567
555,"Харків","вул. Валентинівська, 24 №4","Харків вул. Валентинівська, 24 №4",50.01345,36.33567
556,"Харків","вул. Валентинівська, 24 №5","Харків вул. Валентинівська, 24 №5",50.01345,36.33567
557,"Харків","вул. Валентинівська, 24 №6","Харків вул. Валентинівська, 24 №6",50.01345,36.33567
558,"Харків","вул. Валентинівська, 24А","Харків вул. Валентинівська, 24А",50.0127806,36.3348477
559,"Харків","вул. Валентинівська, 24Б №1","Харків вул. Валентинівська, 24Б №1",50.0126554,36.3361497
560,"Харків","вул. Валентинівська, 24Б №2","Харків вул. Валентинівська, 24Б №2",50.0126554,36.3361497
561,"Харків","вул. Валентинівська, 26А №1","Харків вул. Валентинівська, 26А №1",50.012915,36.3372184
562,"Харків","вул. Валентинівська, 26А №2","Харків вул. Валентинівська, 26А №2",50.012915,36.3372184
563,"Харків","вул. Владислава Зубенка, 17Б №1","Харків вул. Владислава Зубенка, 17Б №1",50.0114774,36.3289447
564,"Харків","вул. Владислава Зубенка, 17Б №2","Харків вул. Владислава Зубенка, 17Б №2",50.0114774,36.3289447
565,"Харків","вул. Владислава Зубенка 17Б №3","Харків вул. Владислава Зубенка 17Б №3",50.0114774,36.3289447
566,"Харків","вул. Владислава Зубенка, 17Б №4","Харків вул. Владислава Зубенка, 17Б №4",50.0114774,36.3289447
567,"Харків","вул. Владислава Зубенка, 21 №1","Харків вул. Владислава Зубенка, 21 №1",50.0099784,36.3297685
568,"Харків","вул. Владислава Зубенка, 21 №2","Харків вул. Владислава Зубенка, 21 №2",50.0099784,36.3297685
569,"Харків","вул. Владислава Зубенка 21 №3","Харків вул. Владислава Зубенка 21 №3",50.0099784,36.3297685
570,"Харків","вул. Владислава Зубенка, 21 №4","Харків вул. Владислава Зубенка, 21 №4",50.0099784,36.3297685
571,"Харків","вул. Владислава Зубенка, 21 №5","Харків вул. Владислава Зубенка, 21 №5",50.0099784,36.3297685
572,"Харків","вул. Академіка Павлова, 130 №1","Харків вул. Академіка Павлова, 130 №1",50.0124171,36.3255838
573,"Харків","вул. Академіка Павлова, 130 №2","Харків вул. Академіка Павлова, 130 №2",50.0124171,36.3255838
574,"Харків","вул. Академіка Павлова, 130 №3","Харків вул. Академіка Павлова, 130 №3",50.0124171,36.3255838
575,"Харків","вул. Академіка Павлова, 132А №1","Харків вул. Академіка Павлова, 132А №1",50.0124919,36.327099
576,"Харків","вул. Академіка Павлова, 132А №2","Харків вул. Академіка Павлова, 132А №2",50.0124919,36.327099
577,"Харків","вул. Академіка Павлова, 132А №3","Харків вул. Академіка Павлова, 132А №3",50.0124919,36.327099
578,"Харків","вул. Академіка Павлова, 132А №4","Харків вул. Академіка Павлова, 132А №4",50.0124919,36.327099
579,"Харків","вул. Академіка Павлова, 132В №1","Харків вул. Академіка Павлова, 132В №1",50.0133762,36.3285473
580,"Харків","вул. Академіка Павлова, 132В №2","Харків вул. Академіка Павлова, 132В №2",50.0133762,36.3285473
581,"Харків","вул. Академіка Павлова, 132В №3","Харків вул. Академіка Павлова, 132В №3",50.0133762,36.3285473
582,"Харків","вул. Академіка Павлова, 132В №4","Харків вул. Академіка Павлова, 132В №4",50.0133762,36.3285473
583,"Харків","вул. Валентинівська, 20Б","Харків вул. Валентинівська, 20Б",50.0139201,36.3334864
584,"Харків","пр. Ювілейний, 32А №1","Харків пр. Ювілейний, 32А №1",49.9973696,36.3174059
585,"Харків","пр. Ювілейний, 32А №2","Харків пр. Ювілейний, 32А №2",49.9973696,36.3174059
586,"Харків","пр. Ювілейний, 34А","Харків пр. Ювілейний, 34А",49.996925,36.3180604
587,"Харків","пр. Ювілейний, 34Б","Харків пр. Ювілейний, 34Б",49.9971348,36.3188837
588,"Харків","пр. Ювілейний, 34Д №1","Харків пр. Ювілейний, 34Д №1",49.997615,36.319339
589,"Харків","пр. Ювілейний, 34Д №2","Харків пр. Ювілейний, 34Д №2",49.997615,36.319339
590,"Харків","пр. Ювілейний, 36А №1","Харків пр. Ювілейний, 36А №1",49.9962656,36.3201371
591,"Харків","пр. Ювілейний, 36А №2","Харків пр. Ювілейний, 36А №2",49.9962656,36.3201371
592,"Харків","пр. Ювілейний, 36А №3","Харків пр. Ювілейний, 36А №3",49.9962656,36.3201371
593,"Харків","пр. Ювілейний, 36","Харків пр. Ювілейний, 36",49.9975244,36.3204858
594,"Харків","пр. Ювілейний, 38Г","Харків пр. Ювілейний, 38Г",49.995846,36.3215514
595,"Харків","пр. Ювілейний, 40","Харків пр. Ювілейний, 40",49.9972945,36.3237991
596,"Харків","пр. Ювілейний, 42А №1","Харків пр. Ювілейний, 42А №1",49.9957259,36.3249436
597,"Харків","пр. Ювілейний, 42А №2","Харків пр. Ювілейний, 42А №2",49.9957259,36.3249436
598,"Харків","пр. Ювілейний, 42А №3","Харків пр. Ювілейний, 42А №3",49.9957259,36.3249436
599,"Харків","пр. Ювілейний, 42В","Харків пр. Ювілейний, 42В",49.9957509,36.3257037
600,"Харків","пр. Ювілейний, 42Б","Харків пр. Ювілейний, 42Б",49.9963153,36.3257386
601,"Харків","пр. Ювілейний, 44","Харків пр. Ювілейний, 44",49.9970445,36.3269125
602,"Харків","пр. Ювілейний, 44А №1","Харків пр. Ювілейний, 44А №1",49.9962353,36.3264696
603,"Харків","пр. Ювілейний, 44А №2","Харків пр. Ювілейний, 44А №2",49.9962353,36.3264696
604,"Харків","пр. Ювілейний, 44А №3","Харків пр. Ювілейний, 44А №3",49.9962353,36.3264696
605,"Харків","пр. Ювілейний, 44А №4","Харків пр. Ювілейний, 44А №4",49.9962353,36.3264696
606,"Харків","пр. Ювілейний, 44А №5","Харків пр. Ювілейний, 44А №5",49.9962353,36.3264696
607,"Харків","пр. Ювілейний, 44А №6","Харків пр. Ювілейний, 44А №6",49.9962353,36.3264696
608,"Харків","пр. Льва Ландау, 156 №1","Харків пр. Льва Ландау, 156 №1",49.9925117,36.3142388
609,"Харків","пр. Льва Ландау, 156 №2","Харків пр. Льва Ландау, 156 №2",49.9925117,36.3142388
610,"Харків","вул. Гвардійців Широнінців, 9А №1","Харків вул. Гвардійців Широнінців, 9А №1",49.9936528,36.327163
611,"Харків","вул. Гвардійців Широнінців, 9А №2","Харків вул. Гвардійців Широнінців, 9А №2",49.9936528,36.327163
612,"Харків","вул. Гвардійців Широнінців, 5 №1","Харків вул. Гвардійців Широнінців, 5 №1",49.992015,36.3280899
613,"Харків","вул. Гвардійців Широнінців, 5 №2","Харків вул. Гвардійців Широнінців, 5 №2",49.992015,36.3280899
614,"Харків","вул. Гвардійців Широнінців, 5 №3","Харків вул. Гвардійців Широнінців, 5 №3",49.992015,36.3280899
615,"Харків","вул. Гвардійців Широнінців, 5 №4","Харків вул. Гвардійців Широнінців, 5 №4",49.992015,36.3280899
616,"Харків","вул. Гвардійців Широнінців, 5В №1","Харків вул. Гвардійців Широнінців, 5В №1",49.9931185,36.3258974
617,"Харків","вул. Гвардійців Широнінців, 5В №2","Харків вул. Гвардійців Широнінців, 5В №2",49.9931185,36.3258974
618,"Харків","вул. Гвардійців Широнінців, 5В №3","Харків вул. Гвардійців Широнінців, 5В №3",49.9931185,36.3258974
619,"Харків","вул. Гвардійців Широнінців, 9Б ","Харків вул. Гвардійців Широнінців, 9Б ",49.9938926,36.3265006
620,"Харків","вул. Гвардійців Широнінців, 27 №1","Харків вул. Гвардійців Широнінців, 27 №1",50.0021696,36.3294629
621,"Харків","вул. Гвардійців Широнінців, 27 №2","Харків вул. Гвардійців Широнінців, 27 №2",50.0021696,36.3294629
622,"Харків","вул. Гвардійців Широнінців, 27 №3","Харків вул. Гвардійців Широнінців, 27 №3",50.0021696,36.3294629
623,"Харків","вул. Гвардійців Широнінців, 25 №1","Харків вул. Гвардійців Широнінців, 25 №1",50.0014254,36.3278836
624,"Харків","вул. Гвардійців Широнінців, 25 №2","Харків вул. Гвардійців Широнінців, 25 №2",50.0014254,36.3278836
625,"Харків","вул. Гвардійців Широнінців, 25 №3","Харків вул. Гвардійців Широнінців, 25 №3",50.0014254,36.3278836
626,"Харків","вул. Гвардійців Широнінців, 25 №4","Харків вул. Гвардійців Широнінців, 25 №4",50.0014254,36.3278836
627,"Харків","вул. Гвардійців Широнінців, 23 №1","Харків вул. Гвардійців Широнінців, 23 №1",50.000651,36.3288111
628,"Харків","вул. Гвардійців Широнінців, 23 №2","Харків вул. Гвардійців Широнінців, 23 №2",50.000651,36.3288111
629,"Харків","вул. Гвардійців Широнінців, 23 №3","Харків вул. Гвардійців Широнінців, 23 №3",50.000651,36.3288111
630,"Харків","вул. Гвардійців Широнінців, 23 №4","Харків вул. Гвардійців Широнінців, 23 №4",50.000651,36.3288111
631,"Харків","вул. Гвардійців Широнінців, 23 №5","Харків вул. Гвардійців Широнінців, 23 №5",50.000651,36.3288111
632,"Харків","вул. Гвардійців Широнінців, 23 №6","Харків вул. Гвардійців Широнінців, 23 №6",50.000651,36.3288111
633,"Харків","вул. Гвардійців Широнінців, 21 №1","Харків вул. Гвардійців Широнінців, 21 №1",49.9993822,36.3283622
634,"Харків","вул. Гвардійців Широнінців, 21 №2","Харків вул. Гвардійців Широнінців, 21 №2",49.9993822,36.3283622
635,"Харків","вул. Гвардійців Широнінців, 21 №3","Харків вул. Гвардійців Широнінців, 21 №3",49.9993822,36.3283622
636,"Харків","вул. Юрія Паращука, 4","Харків вул. Юрія Паращука, 4",49.978283,36.1839272
637,"Харків","вул. Юрія Паращука, 7","Харків вул. Юрія Паращука, 7",49.9792268,36.1839305
638,"Харків","шосе Григорівське, 57 №1","Харків шосе Григорівське, 57 №1",49.9799866,36.1843808
639,"Харків","шосе Григорівське, 57 №2","Харків шосе Григорівське, 57 №2",49.9799866,36.1843808
640,"Харків","шосе Григорівське, 57 №3","Харків шосе Григорівське, 57 №3",49.9799866,36.1843808
641,"Харків","шосе Григорівське, 57 №4","Харків шосе Григорівське, 57 №4",49.9799866,36.1843808
642,"Харків","шосе Григорівське, 63","Харків шосе Григорівське, 63",49.9788657,36.1828855
643,"Харків","шосе Григорівське, 65","Харків шосе Григорівське, 65",49.9781855,36.1822143
644,"Харків","шосе Григорівське, 67","Харків шосе Григорівське, 67",49.9775848,36.1813223
645,"Харків","пров. Титаренківський, 10","Харків пров. Титаренківський, 10",49.9798922,36.1931234
646,"Харків","пров. Титаренківський, 12","Харків пров. Титаренківський, 12",49.9798922,36.1931234
647,"Харків","вул. Петра Болбочана, 3","Харків вул. Петра Болбочана, 3",49.9811002,36.1910791
648,"Харків","вул. Петра Болбочана, 4","Харків вул. Петра Болбочана, 4",49.9821345,36.1914713
649,"Харків","вул. Петра Болбочана, 5","Харків вул. Петра Болбочана, 5",49.9806295,36.1902103
650,"Харків","вул. Петра Болбочана, 6","Харків вул. Петра Болбочана, 6",49.9828335,36.1913228
651,"Харків","вул. Петра Болбочана, 7","Харків вул. Петра Болбочана, 7",49.9819879,36.1902786
652,"Харків","вул. Пермська, 23","Харків вул. Пермська, 23",49.9786419,36.1902248
653,"Харків","вул. Пермська, 25","Харків вул. Пермська, 25",49.9785775,36.1905953
654,"Харків","вул. Полтавський Шлях, 123","Харків вул. Полтавський Шлях, 123",49.9840873,36.1880986
655,"Харків","шосе Григорівське, 51 №1","Харків шосе Григорівське, 51 №1",49.9816749,36.1879485
656,"Харків","шосе Григорівське, 51 №2","Харків шосе Григорівське, 51 №2",49.9816749,36.1879485
657,"Харків","шосе Григорівське ,51 №3","Харків шосе Григорівське ,51 №3",49.9816749,36.1879485
658,"Харків","шосе Григорівське, 51 №4","Харків шосе Григорівське, 51 №4",49.9816749,36.1879485
659,"Харків","вул. Камська, 2","Харків вул. Камська, 2",49.981243,36.181316
660,"Харків","вул. Полтавський Шлях, 155 №1","Харків вул. Полтавський Шлях, 155 №1",49.9817093,36.1821198
661,"Харків","вул. Полтавський Шлях, 155 №2","Харків вул. Полтавський Шлях, 155 №2",49.9817093,36.1821198
662,"Харків","вул. Полтавський Шлях, 155А","Харків вул. Полтавський Шлях, 155А",49.9809991,36.1802901
663,"Харків","вул. Тімірязєва, 28 №1","Харків вул. Тімірязєва, 28 №1",49.945106,36.151557
664,"Харків","вул. Тімірязєва, 28 №2","Харків вул. Тімірязєва, 28 №2",49.945106,36.151557
665,"Харків","вул. Тімірязєва, 28 №3","Харків вул. Тімірязєва, 28 №3",49.945106,36.151557
666,"Харків","вул. Тімірязєва, 28 №4","Харків вул. Тімірязєва, 28 №4",49.945106,36.151557
667,"Харків","вул. Тімірязєва, 28 №5","Харків вул. Тімірязєва, 28 №5",49.945106,36.151557
668,"Харків","вул. Тімірязєва, 28 №6","Харків вул. Тімірязєва, 28 №6",49.945106,36.151557
669,"Харків","вул. Тімірязєва, 30","Харків вул. Тімірязєва, 30",49.945006,36.1527877
670,"Харків","вул. Тімірязєва, 42","Харків вул. Тімірязєва, 42",49.9456763,36.1483651
671,"Харків","вул. Тімірязєва, 43","Харків вул. Тімірязєва, 43",49.9449178,36.1484251
672,"Харків","пр. Любові Малої, 47","Харків пр. Любові Малої, 47",49.9710523,36.1905626
673,"Харків","пр. Любові Малої, 51","Харків пр. Любові Малої, 51",49.9699465,36.1889621
674,"Харків","пр. Любові Малої, 53","Харків пр. Любові Малої, 53",49.9694459,36.188049
675,"Харків","пров. Кубраковський, 6","Харків пров. Кубраковський, 6",0,0
676,"Харків","вул. Селянська, 34","Харків вул. Селянська, 34",49.9609935,36.2197164
677,"Харків","вул. Селянська, 34А №1","Харків вул. Селянська, 34А №1",49.9609935,36.2197164
678,"Харків","вул. Селянська, 34А №2","Харків вул. Селянська, 34А №2",49.9609935,36.2197164
679,"Харків","вул. Селянська, 34А №3","Харків вул. Селянська, 34А №3",49.9609935,36.2197164
680,"Харків","вул. Селянська, 36","Харків вул. Селянська, 36",49.9609909,36.219744
681,"Харків","вул. Добролюбова, 18","Харків вул. Добролюбова, 18",49.971629,36.1759104
682,"Харків","шосе Григорівське, 79","Харків шосе Григорівське, 79",49.9752868,36.1775282
683,"Харків","шосе Григорівське, 81 №1","Харків шосе Григорівське, 81 №1",49.97386,36.1752826
684,"Харків","шосе Григорівське, 81 №2","Харків шосе Григорівське, 81 №2",49.97386,36.1752826
685,"Харків","шосе Григорівське, 83 №1","Харків шосе Григорівське, 83 №1",49.9730605,36.1749429
686,"Харків","шосе Григорівське, 83 №2","Харків шосе Григорівське, 83 №2",49.9730605,36.1749429
687,"Харків","шосе Григорівське, 83А","Харків шосе Григорівське, 83А",49.9729045,36.1741604
688,"Харків","шосе Григорівське, 83Б","Харків шосе Григорівське, 83Б",49.9725246,36.1739354
689,"Харків","шосе Григорівське, 83В","Харків шосе Григорівське, 83В",49.9725614,36.1750493
690,"Харків","шосе Григорівське, 85","Харків шосе Григорівське, 85",49.9723584,36.1730531
691,"Харків","вул. Григорівська, 86А, 86Б","Харків вул. Григорівська, 86А, 86Б",49.9764128,36.195899
692,"Харків","вул. Москалівська, 174","Харків вул. Москалівська, 174",49.9607667,36.2125743
693,"Харків","вул. Переможців, 10","Харків вул. Переможців, 10",49.9748982,36.1749597
694,"Харків","вул. Переможців ,4","Харків вул. Переможців ,4",49.9767917,36.1725172
695,"Харків","вул. Переможців, 6","Харків вул. Переможців, 6",49.9759549,36.173817
696,"Харків","вул. Переможців, 8","Харків вул. Переможців, 8",49.9755166,36.1745221
697,"Харків","вул. Полтавський Шлях, 177","Харків вул. Полтавський Шлях, 177",49.977708,36.1709964
698,"Харків","пр. Ново-Баварський, 107","Харків пр. Ново-Баварський, 107",49.9501888,36.1486251
699,"Харків","пр. Ново-Баварський, 101","Харків пр. Ново-Баварський, 101",49.9501161,36.152411
700,"Харків","пр. Ново-Баварський, 97","Харків пр. Ново-Баварський, 97",49.9494815,36.1546864
701,"Харків","пр. Ново-Баварський, 95","Харків пр. Ново-Баварський, 95",49.9498215,36.1550215
702,"Харків","пр. Ново-Баварський, 93","Харків пр. Ново-Баварський, 93",49.9496645,36.1564817
703,"Харків","вул. Кибальчича, 27 №1","Харків вул. Кибальчича, 27 №1",49.9471622,36.1885027
704,"Харків","вул. Кибальчича, 27 №2","Харків вул. Кибальчича, 27 №2",49.9471622,36.1885027
705,"Харків","вул. Кибальчича, 27 №3","Харків вул. Кибальчича, 27 №3",49.9471622,36.1885027
706,"Харків","вул. Кибальчича, 27 №4","Харків вул. Кибальчича, 27 №4",49.9471622,36.1885027
707,"Харків","вул. Конєва, 9 №1 и №2","Харків вул. Конєва, 9 №1 и №2",49.985027,36.2134849
708,"Харків","вул. Конєва, 9 №3","Харків вул. Конєва, 9 №3",49.985027,36.2134849
709,"Харків","бул. Профспілковий, 70","Харків бул. Профспілковий, 70",49.9687979,36.1821713
710,"Харків","вул. Китаєнка, 8","Харків вул. Китаєнка, 8",49.9502373,36.1641046
711,"Харків","вул. Баварська, 7","Харків вул. Баварська, 7",49.9637947,36.1919005
712,"Харків","вул. Полтавський шлях, 171","Харків вул. Полтавський шлях, 171",49.9799577,36.1755207
713,"Харків","вул. Герцена, 56","Харків вул. Герцена, 56",49.9442934,36.1793303
714,"Харків","вул. Волонтерська, 21","Харків вул. Волонтерська, 21",49.9888205,36.1869906
715,"Харків","вул. Волонтерська, 48 №1","Харків вул. Волонтерська, 48 №1",49.9891958,36.1841565
716,"Харків","вул. Волонтерська, 48 №2","Харків вул. Волонтерська, 48 №2",49.9891958,36.1841565
717,"Харків","вул. Волонтерська, 50 №1","Харків вул. Волонтерська, 50 №1",49.9889095,36.1830952
718,"Харків","вул. Волонтерська, 50 №2","Харків вул. Волонтерська, 50 №2",49.9889095,36.1830952
719,"Харків","вул. Волонтерська, 52","Харків вул. Волонтерська, 52",49.9885491,36.1825599
720,"Харків","вул. Волонтерська, 54 №1","Харків вул. Волонтерська, 54 №1",49.988605,36.181732
721,"Харків","вул. Волонтерська, 54 №2","Харків вул. Волонтерська, 54 №2",49.988605,36.181732
722,"Харків","вул. Волонтерська, 56 №1","Харків вул. Волонтерська, 56 №1",49.987724,36.1823529
723,"Харків","вул. Волонтерська, 56 №2","Харків вул. Волонтерська, 56 №2",49.987724,36.1823529
724,"Харків","вул. Волонтерська, 58 №1","Харків вул. Волонтерська, 58 №1",49.987258,36.182159
725,"Харків","вул. Волонтерська, 58 №2","Харків вул. Волонтерська, 58 №2",49.987258,36.182159
726,"Харків","вул. Волонтерська, 62 №1","Харків вул. Волонтерська, 62 №1",49.9868733,36.1808763
727,"Харків","вул. Волонтерська, 62 №2","Харків вул. Волонтерська, 62 №2",49.9868733,36.1808763
728,"Харків","вул. Волонтерська, 63 №1","Харків вул. Волонтерська, 63 №1",49.9863206,36.1819629
729,"Харків","вул. Волонтерська, 63 №2","Харків вул. Волонтерська, 63 №2",49.9863206,36.1819629
730,"Харків","вул. Волонтерська, 64 №1","Харків вул. Волонтерська, 64 №1",49.9865128,36.1803409
731,"Харків","вул. Волонтерська, 64 №2","Харків вул. Волонтерська, 64 №2",49.9865128,36.1803409
732,"Харків","вул. Волонтерська, 65 №1","Харків вул. Волонтерська, 65 №1",49.9856937,36.1803113
733,"Харків","вул. Волонтерська, 65 №2","Харків вул. Волонтерська, 65 №2",49.9856937,36.1803113
734,"Харків","вул. Волонтерська, 65 №3","Харків вул. Волонтерська, 65 №3",49.9856937,36.1803113
735,"Харків","вул. Іллінська, 41","Харків вул. Іллінська, 41",49.9865708,36.1889477
736,"Харків","вул. Іллінська, 63 №1","Харків вул. Іллінська, 63 №1",49.9857465,36.1828639
737,"Харків","вул. Іллінська, 63 №2","Харків вул. Іллінська, 63 №2",49.9857465,36.1828639
738,"Харків","вул. Петра Болбочана, 46","Харків вул. Петра Болбочана, 46",49.9856413,36.1885844
739,"Харків","вул. Петра Болбочана, 48","Харків вул. Петра Болбочана, 48",49.9862603,36.1884017
740,"Харків","вул. Петра Болбочана, 50","Харків вул. Петра Болбочана, 50",49.98723,36.1889096
741,"Харків","вул. Петра Болбочана, 59","Харків вул. Петра Болбочана, 59",49.9868985,36.187654
742,"Харків","вул. Петра Болбочана, 63","Харків вул. Петра Болбочана, 63",49.9877075,36.1875841
743,"Харків","вул. Петра Болбочана, 67А","Харків вул. Петра Болбочана, 67А",49.9882958,36.186847
744,"Харків","вул. Петра Болбочана, 69","Харків вул. Петра Болбочана, 69",49.9885365,36.187459
745,"Харків","вул. Полтавський Шлях, 126","Харків вул. Полтавський Шлях, 126",49.9855281,36.1897303
746,"Харків","вул. Полтавський Шлях, 128","Харків вул. Полтавський Шлях, 128",49.9858472,36.1893565
747,"Харків","вул. Полтавський Шлях, 130/132","Харків вул. Полтавський Шлях, 130/132",49.9853074,36.1890632
748,"Харків","вул. Волонтерська, 60 №1","Харків вул. Волонтерська, 60 №1",49.98806,36.1811249
749,"Харків","вул. Волонтерська, 60 №2","Харків вул. Волонтерська, 60 №2",49.98806,36.1811249
750,"Харків","вул. Волонтерська, 60 №3","Харків вул. Волонтерська, 60 №3",49.98806,36.1811249
751,"Харків","вул. Волонтерська, 60А №1 ","Харків вул. Волонтерська, 60А №1 ",49.9874584,36.1813639
752,"Харків","вул. Волонтерська, 60А №2","Харків вул. Волонтерська, 60А №2",49.9874584,36.1813639
753,"Харків","вул. Волонтерська, 60А №3","Харків вул. Волонтерська, 60А №3",49.9874584,36.1813639
754,"Харків","вул. Волонтерська, 68 №1","Харків вул. Волонтерська, 68 №1",49.9868459,36.1793522
755,"Харків","вул. Волонтерська, 68 №2","Харків вул. Волонтерська, 68 №2",49.9868459,36.1793522
756,"Харків","вул. Волонтерська, 68 №3","Харків вул. Волонтерська, 68 №3",49.9868459,36.1793522
757,"Харків","вул. Волонтерська, 68А №1","Харків вул. Волонтерська, 68А №1",49.9866064,36.179505
758,"Харків","вул. Волонтерська, 68А №2","Харків вул. Волонтерська, 68А №2",49.9866064,36.179505
759,"Харків","вул. Волонтерська, 68А №3","Харків вул. Волонтерська, 68А №3",49.9866064,36.179505
760,"Харків","вул. Волонтерська, 70 №1","Харків вул. Волонтерська, 70 №1",49.986235,36.1783602
761,"Харків","вул. Волонтерська, 70 №2","Харків вул. Волонтерська, 70 №2",49.986235,36.1783602
762,"Харків","вул. Волонтерська, 70 №3","Харків вул. Волонтерська, 70 №3",49.986235,36.1783602
763,"Харків","вул. Волонтерська, 70А №1","Харків вул. Волонтерська, 70А №1",49.9856862,36.1787318
764,"Харків","вул. Волонтерська, 70А №2","Харків вул. Волонтерська, 70А №2",49.9856862,36.1787318
765,"Харків","вул. Волонтерська, 70А №3","Харків вул. Волонтерська, 70А №3",49.9856862,36.1787318
766,"Харків","вул. Волонтерська, 74","Харків вул. Волонтерська, 74",49.9848502,36.1775329
767,"Харків","пров. Чередниченківський, 7 №1","Харків пров. Чередниченківський, 7 №1",49.988833,36.1806457
768,"Харків","пров. Чередниченківський, 7 №2","Харків пров. Чередниченківський, 7 №2",49.988833,36.1806457
769,"Харків","пров. Чередниченківський, 7 №3","Харків пров. Чередниченківський, 7 №3",49.988833,36.1806457
770,"Харків","пров. Чередниченківський, 7 №4","Харків пров. Чередниченківський, 7 №4",49.988833,36.1806457
771,"Харків","пров. Чередниченківський, 7 №5","Харків пров. Чередниченківський, 7 №5",49.988833,36.1806457
772,"Харків","пров. Чередниченківський, 7 №6","Харків пров. Чередниченківський, 7 №6",49.988833,36.1806457
773,"Харків","пров. Чередниченківський, 7 №7","Харків пров. Чередниченківський, 7 №7",49.988833,36.1806457
774,"Харків","пров. Чередниченківський, 7 №8","Харків пров. Чередниченківський, 7 №8",49.988833,36.1806457
775,"Харків","пров. Чередниченківський, 7 №9","Харків пров. Чередниченківський, 7 №9",49.9888434,36.1806868
776,"Харків","пров. Чередниченківський, 7 №10","Харків пров. Чередниченківський, 7 №10",49.988833,36.1806457
777,"Харків","пров. Чередниченківський, 7 №11","Харків пров. Чередниченківський, 7 №11",49.9889555,36.1805354
778,"Харків","вул. Холодногірська, 8 №1","Харків вул. Холодногірська, 8 №1",49.9861827,36.1768413
779,"Харків","вул. Холодногірська, 8 №2","Харків вул. Холодногірська, 8 №2",49.9861827,36.1768413
780,"Харків","вул. Холодногірська, 8 №3","Харків вул. Холодногірська, 8 №3",49.9861827,36.1768413
781,"Харків","вул. Холодногірська, 8 №4","Харків вул. Холодногірська, 8 №4",49.9861827,36.1768413
782,"Харків","вул. Холодногірська, 14","Харків вул. Холодногірська, 14",49.9867522,36.1769241
783,"Харків","вул. Холодногірська, 16 №1","Харків вул. Холодногірська, 16 №1",49.9872405,36.1762082
784,"Харків","вул. Холодногірська, 16 №2","Харків вул. Холодногірська, 16 №2",49.9872405,36.1762082
785,"Харків","вул. Полтавський Шлях, 148/2 №1","Харків вул. Полтавський Шлях, 148/2 №1",49.982433,36.17971
786,"Харків","вул. Полтавський Шлях, 148/2 №2","Харків вул. Полтавський Шлях, 148/2 №2",49.982433,36.17971
787,"Харків","вул. Полтавський Шлях, 148/2 №3","Харків вул. Полтавський Шлях, 148/2 №3",49.982433,36.17971
788,"Харків","вул. Полтавський Шлях, 152 №1","Харків вул. Полтавський Шлях, 152 №1",49.9838479,36.181755
789,"Харків","вул. Полтавський Шлях, 152 №2","Харків вул. Полтавський Шлях, 152 №2",49.9838479,36.181755
790,"Харків","вул. Полтавський Шлях, 152 №3","Харків вул. Полтавський Шлях, 152 №3",49.9838479,36.181755
791,"Харків","вул. Полтавський Шлях, 152 №4","Харків вул. Полтавський Шлях, 152 №4",49.9838479,36.181755
792,"Харків","вул. Полтавський Шлях, 154 №1","Харків вул. Полтавський Шлях, 154 №1",49.983634,36.179096
793,"Харків","вул. Полтавський Шлях, 154 №2","Харків вул. Полтавський Шлях, 154 №2",49.983634,36.179096
794,"Харків","вул. Полтавський Шлях, 154 №3","Харків вул. Полтавський Шлях, 154 №3",49.983634,36.179096
795,"Харків","вул. Полтавський Шлях, 154 №4","Харків вул. Полтавський Шлях, 154 №4",49.983634,36.179096
796,"Харків","вул. Полтавський Шлях, 154 №5","Харків вул. Полтавський Шлях, 154 №5",49.983634,36.179096
797,"Харків","вул. Полтавський Шлях, 154 №6","Харків вул. Полтавський Шлях, 154 №6",49.983634,36.179096
798,"Харків","вул. Старопрудна, 12 №1","Харків вул. Старопрудна, 12 №1",49.9823486,36.1567069
799,"Харків","вул.  Старопрудна ,12 №2","Харків вул.  Старопрудна ,12 №2",49.9823486,36.1567069
800,"Харків","вул. Старопрудна, 14","Харків вул. Старопрудна, 14",49.9823486,36.1567069
801,"Харків","вул. Старопрудна, 4","Харків вул. Старопрудна, 4",49.982352,36.1565797
802,"Харків","вул. Старопрудна, 6","Харків вул. Старопрудна, 6",49.9823486,36.1567069
803,"Харків","вул. Старопрудна, 8","Харків вул. Старопрудна, 8",49.9823486,36.1567069
804,"Харків","вул. Игоря Муратова, 26","Харків вул. Игоря Муратова, 26",49.9841032,36.1501541
805,"Харків","вул. Игоря Муратова, 28","Харків вул. Игоря Муратова, 28",49.9846208,36.1492275
806,"Харків","вул. Игоря Муратова, 30 №1","Харків вул. Игоря Муратова, 30 №1",49.9846237,36.1507568
807,"Харків","вул. Игоря Муратова, 30 №2","Харків вул. Игоря Муратова, 30 №2",49.9846237,36.1507568
808,"Харків","пров. Золочівський 1-й, 1","Харків пров. Золочівський 1-й, 1",49.9863648,36.1523231
809,"Харків","вул. Золочівська, 8 №1","Харків вул. Золочівська, 8 №1",49.9804157,36.1545104
810,"Харків","вул. Золочівська, 8 №2","Харків вул. Золочівська, 8 №2",49.9804157,36.1545104
811,"Харків","вул. Золочівська, 16","Харків вул. Золочівська, 16",49.9827273,36.1541702
812,"Харків","вул. Золочівська, 17 №1","Харків вул. Золочівська, 17 №1",49.9826357,36.1532719
813,"Харків","вул. Золочівська, 17 №2","Харків вул. Золочівська, 17 №2",49.9826357,36.1532719
814,"Харків","вул. Золочівська, 17 №3","Харків вул. Золочівська, 17 №3",49.9826357,36.1532719
815,"Харків","вул. Золочівська, 17Б","Харків вул. Золочівська, 17Б",49.9817367,36.1532087
816,"Харків","вул. Золочівська, 21","Харків вул. Золочівська, 21",49.9836384,36.1534981
817,"Харків","вул. Золочівська, 23","Харків вул. Золочівська, 23",49.985479,36.1513903
818,"Харків","вул. Золочівська, 25","Харків вул. Золочівська, 25",49.9843835,36.1531539
819,"Харків","вул. Золочівська, 27","Харків вул. Золочівська, 27",49.985682,36.1531318
820,"Харків","вул. Ініціативна, 4 №1","Харків вул. Ініціативна, 4 №1",49.9847866,36.1523539
821,"Харків","вул. Ініціативна, 4 №2","Харків вул. Ініціативна, 4 №2",49.9847866,36.1523539
822,"Харків","вул. Ініціативна, 10/24","Харків вул. Ініціативна, 10/24",49.9835826,36.1495511
823,"Харків","вул. Огарівська, 16 №1","Харків вул. Огарівська, 16 №1",49.981699,36.151561
824,"Харків","вул. Огарівська, 16 №2","Харків вул. Огарівська, 16 №2",49.981870,36.151128
825,"Харків","вул. Огарівська, 16 №3","Харків вул. Огарівська, 16 №3",49.981882,36.151696
826,"Харків","вул. Таборова, 71/1 №1","Харків вул. Таборова, 71/1 №1",49.992151,36.138331
827,"Харків","вул. Таборова, 71/1 №2","Харків вул. Таборова, 71/1 №2",49.991976,36.138323
828,"Харків","вул. Таборова, 71/1 №3","Харків вул. Таборова, 71/1 №3",49.991815,36.137877
829,"Харків","вул. Таборова, 71/1 №4","Харків вул. Таборова, 71/1 №4",49.991985,36.137325
830,"Харків","вул. Щаслива, 20 №1","Харків вул. Щаслива, 20 №1",49.9773298,36.1442574
831,"Харків","вул. Щаслива, 20 №2","Харків вул. Щаслива, 20 №2",49.9780469,36.1457868
832,"Харків","вул. Щаслива, 20 №3","Харків вул. Щаслива, 20 №3",49.9787845,36.1450177
833,"Харків","вул. Щаслива, 21 №1","Харків вул. Щаслива, 21 №1",49.9773298,36.1442574
834,"Харків","вул. Щаслива, 21 №2","Харків вул. Щаслива, 21 №2",49.9780469,36.1457868
835,"Харків","вул. Щаслива, 21 №3","Харків вул. Щаслива, 21 №3",49.9787845,36.1450177
836,"Харків","вул. Щаслива, 21 №4","Харків вул. Щаслива, 21 №4",49.9784758,36.1454914
837,"Харків","просп. Слави, 11 №1","Харків просп. Слави, 11 №1",49.984542,36.1579849
838,"Харків","просп. Слави, 11 №2","Харків просп. Слави, 11 №2",49.984542,36.1579849
839,"Харків","просп. Слави, 11 №3","Харків просп. Слави, 11 №3",49.984542,36.1579849
840,"Харків","просп. Слави, 11 №4","Харків просп. Слави, 11 №4",49.984542,36.1579849
841,"Харків","просп. Слави, 7 №1","Харків просп. Слави, 7 №1",49.984481,36.1562689
842,"Харків","просп. Слави, 7 №2","Харків просп. Слави, 7 №2",49.984481,36.1562689
843,"Харків","просп. Слави, 7 №3","Харків просп. Слави, 7 №3",49.984481,36.1562689
844,"Харків","просп. Слави, 7 №4","Харків просп. Слави, 7 №4",49.984481,36.1562689
845,"Харків","просп. Слави, 9 №1","Харків просп. Слави, 9 №1",49.985054,36.157157
846,"Харків","просп. Слави, 9 №2","Харків просп. Слави, 9 №2",49.985054,36.157157
847,"Харків","просп. Слави, 9 №3","Харків просп. Слави, 9 №3",49.985054,36.157157
848,"Харків","просп. Слави, 9 №4","Харків просп. Слави, 9 №4",49.985054,36.157157
849,"Харків","вул. Золочівська, 24А №1","Харків вул. Золочівська, 24А №1",49.985813,36.1564188
850,"Харків","вул. Золочівська, 24А №2","Харків вул. Золочівська, 24А №2",49.985813,36.1564188
851,"Харків","вул. Золочівська, 24А №3","Харків вул. Золочівська, 24А №3",49.985813,36.1564188
852,"Харків","вул. Золочівська, 24А №4","Харків вул. Золочівська, 24А №4",49.985813,36.1564188
853,"Харків","вул. Золочівська, 28 №1","Харків вул. Золочівська, 28 №1",49.9872927,36.1544199
854,"Харків","вул. Золочівська, 28 №2","Харків вул. Золочівська, 28 №2",49.9872927,36.1544199
855,"Харків","вул. Золочівська, 28 №3","Харків вул. Золочівська, 28 №3",49.9872927,36.1544199
856,"Харків","вул. Золочівська, 28 №4","Харків вул. Золочівська, 28 №4",49.9872927,36.1544199
857,"Харків","вул. Золочівська, 30/1 №1","Харків вул. Золочівська, 30/1 №1",49.987728,36.155193
858,"Харків","вул. Золочівська, 30/1 №2","Харків вул. Золочівська, 30/1 №2",49.987728,36.155193
859,"Харків","вул. Золочівська, 30/1 №3","Харків вул. Золочівська, 30/1 №3",49.987728,36.155193
860,"Харків","вул. Золочівська, 30/1 №4","Харків вул. Золочівська, 30/1 №4",49.987728,36.155193
861,"Харків","вул. Борзенка, 2 №1","Харків вул. Борзенка, 2 №1",49.985163,36.1588012
862,"Харків","вул. Борзенка, 2 №2","Харків вул. Борзенка, 2 №2",49.985163,36.1588012
863,"Харків","вул. Борзенка, 2 №3","Харків вул. Борзенка, 2 №3",49.985163,36.1588012
864,"Харків","вул. Борзенка, 3","Харків вул. Борзенка, 3",49.985752,36.1585736
865,"Харків","вул. Борзенка, 4 №1","Харків вул. Борзенка, 4 №1",49.9858944,36.1572173
866,"Харків","вул. Борзенка, 4 №2","Харків вул. Борзенка, 4 №2",49.9858944,36.1572173
867,"Харків","вул. Борзенка, 4 №3","Харків вул. Борзенка, 4 №3",49.9858944,36.1572173
868,"Харків","вул. Борзенка, 5 №1","Харків вул. Борзенка, 5 №1",49.9862309,36.1582676
869,"Харків","вул. Борзенка, 5 №2","Харків вул. Борзенка, 5 №2",49.9862309,36.1582676
870,"Харків","вул. Борзенка, 5 №3","Харків вул. Борзенка, 5 №3",49.9862309,36.1582676
871,"Харків","вул. Борзенка, 7 №1","Харків вул. Борзенка, 7 №1",49.9865378,36.1567741
872,"Харків","вул. Борзенка, 7 №2","Харків вул. Борзенка, 7 №2",49.9865378,36.1567741
873,"Харків","вул. Борзенка, 7 №3","Харків вул. Борзенка, 7 №3",49.9865378,36.1567741
874,"Харків","вул. Борзенка, 7 №4","Харків вул. Борзенка, 7 №4",49.9865378,36.1567741
875,"Харків","вул. Борзенка, 8 №1","Харків вул. Борзенка, 8 №1",49.987229,36.1577996
876,"Харків","вул. Борзенка, 8 №2","Харків вул. Борзенка, 8 №2",49.987229,36.1577996
877,"Харків","вул. Борзенка, 8 №3","Харків вул. Борзенка, 8 №3",49.987229,36.1577996
878,"Харків","вул. Борзенка, 13/1","Харків вул. Борзенка, 13/1",49.9877211,36.1575328
879,"Харків","пров. Пластичний, 10","Харків пров. Пластичний, 10",49.9762521,36.1607012
880,"Харків","пров. Пластичний, 8","Харків пров. Пластичний, 8",49.9753721,36.160073
881,"Харків","пров. Донбасівський, 17 №1","Харків пров. Донбасівський, 17 №1",49.999076,36.166698
882,"Харків","пров. Донбасівський, 17 №2","Харків пров. Донбасівський, 17 №2",49.999076,36.166698
883,"Харків","пров. Донбасівський, 17 №3","Харків пров. Донбасівський, 17 №3",49.999076,36.166698
884,"Харків","пров. Таганський 2-й, 11","Харків пров. Таганський 2-й, 11",50.0115313,36.1837935
885,"Харків","пров. Таганський 3-й, 2А","Харків пров. Таганський 3-й, 2А",50.0099532,36.1843334
886,"Харків","пров. Верхівський, 5","Харків пров. Верхівський, 5",49.9884998,36.2017763
887,"Харків","пров. Верхівський, 6","Харків пров. Верхівський, 6",49.9878375,36.201939
888,"Харків","пров. Верхівський, 7","Харків пров. Верхівський, 7",49.988661,36.2015092
889,"Харків","пров. Верховського, 23А","Харків пров. Верховського, 23А",49.988998,36.200245
890,"Харків","вул. Полтавський Шлях, 84","Харків вул. Полтавський Шлях, 84",49.9871779,36.2017218
891,"Харків","вул. Конарєва, 4/6","Харків вул. Конарєва, 4/6",49.987667,36.208148
892,"Харків","вул. Конарєва, 8/10А","Харків вул. Конарєва, 8/10А",49.988627,36.207990
893,"Харків","вул. Конарєва, 8/10Б","Харків вул. Конарєва, 8/10Б",49.989042,36.207943
894,"Харків","вул. Конарєва, 8/10В","Харків вул. Конарєва, 8/10В",49.9891322,36.2078973
895,"Харків","вул. Конарєва, 8/10З","Харків вул. Конарєва, 8/10З",49.989683,36.207832
896,"Харків","вул. Конарєва, 12 ","Харків вул. Конарєва, 12 ",49.990592,36.207688
897,"Харків","вул. Благовіщенська, 38","Харків вул. Благовіщенська, 38",49.9885897,36.2091109
898,"Харків","вул. Благовіщенська, 38Е","Харків вул. Благовіщенська, 38Е",49.9888459,36.2093754
899,"Харків","вул. Благовіщенська, 38Д","Харків вул. Благовіщенська, 38Д",49.9887922,36.210356
900,"Харків","вул. Благовіщенська, 38Ж","Харків вул. Благовіщенська, 38Ж",49.9885897,36.2091109
901,"Харків","вул. Малиновського, 10/14","Харків вул. Малиновського, 10/14",49.9899384,36.2123572
902,"Харків","вул. Слов´янська, 4 №1","Харків вул. Слов´янська, 4 №1",49.9903124,36.2103433
903,"Харків","вул. Слов´янська, 4 №2","Харків вул. Слов´янська, 4 №2",49.9903124,36.2103433
904,"Харків","вул. Слов´янська, 4А №1","Харків вул. Слов´янська, 4А №1",49.9895465,36.2105021
905,"Харків","вул. Слов´янська, 4А №2","Харків вул. Слов´янська, 4А №2",49.9895465,36.2105021
906,"Харків","вул. Слов´янська, 6 №1","Харків вул. Слов´янська, 6 №1",49.990058,36.20985
907,"Харків","вул. Слов´янська, 6 №2","Харків вул. Слов´янська, 6 №2",49.990058,36.20985
908,"Харків","вул. Слов´янська, 10","Харків вул. Слов´янська, 10",49.990514,36.2092258
909,"Харків","пров. Різниківський, 1,1А","Харків пров. Різниківський, 1,1А",49.9975612,36.2125775
910,"Харків","вул. Велика Панасівська, 36","Харків вул. Велика Панасівська, 36",49.9959036,36.2133371
911,"Харків","вул. Велика Панасівська, 38 №1","Харків вул. Велика Панасівська, 38 №1",49.9964128,36.2130761
912,"Харків","вул. Велика Панасівська, 38 №2","Харків вул. Велика Панасівська, 38 №2",49.9964128,36.2130761
913,"Харків","вул. Велика Панасівська, 38 №3","Харків вул. Велика Панасівська, 38 №3",49.9964128,36.2130761
914,"Харків","вул. Велика Панасівська, 250/5","Харків вул. Велика Панасівська, 250/5",50.034954,36.1792173
915,"Харків","пр. Гагаріна, 58","Харків пр. Гагаріна, 58",49.9732718,36.2515787
916,"Харків","пр. Гагаріна, 54","Харків пр. Гагаріна, 54",49.9747947,36.2515124
917,"Харків","пр. Гагаріна, 46 №1","Харків пр. Гагаріна, 46 №1",49.975559,36.251171
918,"Харків","пр. Гагаріна, 46 №2","Харків пр. Гагаріна, 46 №2",49.975559,36.251171
919,"Харків","пр. Гагаріна, 46 №3","Харків пр. Гагаріна, 46 №3",49.975559,36.251171
920,"Харків","пр. Гагаріна, 40","Харків пр. Гагаріна, 40",49.9750076,36.249071
921,"Харків","вул. Гольдбергівська, 11","Харків вул. Гольдбергівська, 11",49.9753413,36.2480828
922,"Харків","вул. Гольдбергівська, 13","Харків вул. Гольдбергівська, 13",49.9757401,36.2472338
923,"Харків","вул. Чугуївська, 33 №1","Харків вул. Чугуївська, 33 №1",49.973175,36.2489659
924,"Харків","вул. Чугуївська, 33 №2","Харків вул. Чугуївська, 33 №2",49.973175,36.2489659
925,"Харків","вул. Чугуївська, 29 №1","Харків вул. Чугуївська, 29 №1",49.9733341,36.2481495
926,"Харків","вул. Чугуївська, 29 №2","Харків вул. Чугуївська, 29 №2",49.9733341,36.2481495
927,"Харків","пр. Гагаріна, 68","Харків пр. Гагаріна, 68",49.9736742,36.2555728
928,"Харків","пр. Гагаріна, 66","Харків пр. Гагаріна, 66",49.9736742,36.2555728
929,"Харків","пр. Гагаріна, 64","Харків пр. Гагаріна, 64",49.9740934,36.2551783
930,"Харків","пр. Гагаріна, 72 №1","Харків пр. Гагаріна, 72 №1",49.9728349,36.254832
931,"Харків","пр. Гагаріна, 72 №2","Харків пр. Гагаріна, 72 №2",49.9728349,36.254832
932,"Харків","пр. Гагаріна, 72 №3","Харків пр. Гагаріна, 72 №3",49.9728349,36.254832
933,"Харків","пр. Гагаріна, 72 №4","Харків пр. Гагаріна, 72 №4",49.9728349,36.254832
934,"Харків","пр. Гагаріна, 72 №5","Харків пр. Гагаріна, 72 №5",49.9728349,36.254832
935,"Харків","пр. Гагаріна, 72 №6","Харків пр. Гагаріна, 72 №6",49.9728349,36.254832
936,"Харків","пр. Гагаріна, 72 №7","Харків пр. Гагаріна, 72 №7",49.9728349,36.254832
937,"Харків","пр. Гагаріна, 72 №8","Харків пр. Гагаріна, 72 №8",49.9728349,36.254832
938,"Харків","пр. Гагаріна, 72 №9","Харків пр. Гагаріна, 72 №9",49.9728349,36.254832
939,"Харків","пр. Гагаріна, 72 №10","Харків пр. Гагаріна, 72 №10",49.9728349,36.254832
940,"Харків","пр. Гагаріна, 72 №11","Харків пр. Гагаріна, 72 №11",49.9728349,36.254832
941,"Харків","пр. Гагаріна, 72 №12","Харків пр. Гагаріна, 72 №12",49.9728349,36.254832
942,"Харків","пр. Гагаріна, 72 №13","Харків пр. Гагаріна, 72 №13",49.9728349,36.254832
943,"Харків","пр. Гагаріна, 74","Харків пр. Гагаріна, 74",49.9716557,36.2537551
944,"Харків","пр. Гагаріна, 80 №1","Харків пр. Гагаріна, 80 №1",49.9722365,36.2559778
945,"Харків","пр. Гагаріна, 80 №2","Харків пр. Гагаріна, 80 №2",49.9722365,36.2559778
946,"Харків","пр. Гагаріна, 80 №3","Харків пр. Гагаріна, 80 №3",49.9722365,36.2559778
947,"Харків","пр. Гагаріна, 86","Харків пр. Гагаріна, 86",49.9720829,36.2577438
948,"Харків","пр. Гагаріна, 84","Харків пр. Гагаріна, 84",49.9724771,36.2573548
949,"Харків","вул. Катерининська, 27","Харків вул. Катерининська, 27",49.9800935,36.2240225
950,"Харків","вул. Катерининська, 23","Харків вул. Катерининська, 23",49.9799559,36.2268642
951,"Харків","вул. Біблика, 1А №1","Харків вул. Біблика, 1А №1",49.9526608,36.3592779
952,"Харків","вул. Біблика, 1А №2","Харків вул. Біблика, 1А №2",49.9526608,36.3592779
953,"Харків","вул. Біблика, 1А №3","Харків вул. Біблика, 1А №3",49.9526608,36.3592779
954,"Харків","вул. Біблика, 1Б №1","Харків вул. Біблика, 1Б №1",49.9519017,36.3603534
955,"Харків","вул. Біблика, 1Б №2","Харків вул. Біблика, 1Б №2",49.9519017,36.3603534
956,"Харків","вул. Біблика, 1Б №3","Харків вул. Біблика, 1Б №3",49.9519017,36.3603534
957,"Харків","вул. Біблика, 1Б №4","Харків вул. Біблика, 1Б №4",49.9519017,36.3603534
958,"Харків","вул. Біблика, 1В №1","Харків вул. Біблика, 1В №1",49.9523454,36.3614841
959,"Харків","вул. Біблика, 1В №2","Харків вул. Біблика, 1В №2",49.9523454,36.3614841
960,"Харків","вул. Біблика, 1В №3","Харків вул. Біблика, 1В №3",49.9523454,36.3614841
961,"Харків","вул. Біблика, 1В №4","Харків вул. Біблика, 1В №4",49.9523454,36.3614841
962,"Харків","вул. Біблика, 2А №1","Харків вул. Біблика, 2А №1",49.9510238,36.3592112
963,"Харків","вул. Біблика, 2А №2","Харків вул. Біблика, 2А №2",49.9510238,36.3592112
964,"Харків","вул. Біблика, 2А №3","Харків вул. Біблика, 2А №3",49.9510238,36.3592112
965,"Харків","вул. Біблика, 2В №1","Харків вул. Біблика, 2В №1",49.9498062,36.3587514
966,"Харків","вул. Біблика, 2В №2","Харків вул. Біблика, 2В №2",49.9498062,36.3587514
967,"Харків","вул. Біблика, 2В №3","Харків вул. Біблика, 2В №3",49.9498062,36.3587514
968,"Харків","вул. Біблика, 2Д №1","Харків вул. Біблика, 2Д №1",49.949945,36.360659
969,"Харків","вул. Біблика, 2Д №2","Харків вул. Біблика, 2Д №2",49.949945,36.360659
970,"Харків","вул. Біблика, 2Д №3","Харків вул. Біблика, 2Д №3",49.949945,36.360659
971,"Харків","вул. Біблика, 2Д №4","Харків вул. Біблика, 2Д №4",49.9500839,36.3625666
972,"Харків","вул. Біблика, 2Д №5","Харків вул. Біблика, 2Д №5",49.949945,36.360659
973,"Харків","вул. Біблика, 2Д №6","Харків вул. Біблика, 2Д №6",49.949945,36.360659
974,"Харків","вул. Біблика, 2Д №7","Харків вул. Біблика, 2Д №7",49.949945,36.360659
975,"Харків","вул. Біблика, 2Д №8","Харків вул. Біблика, 2Д №8",49.949945,36.360659
976,"Харків","пров. Миру, 6А №1","Харків пров. Миру, 6А №1",49.9522593,36.3639483
977,"Харків","пров. Миру, 6А №2","Харків пров. Миру, 6А №2",49.9522593,36.3639483
978,"Харків","просп. Московський, 296Б №1","Харків просп. Московський, 296Б №1",49.990486,36.2342071
979,"Харків","просп. Московський, 296Б №2","Харків просп. Московський, 296Б №2",49.9437507,36.403214
980,"Харків","просп. Московський, 294 №1","Харків просп. Московський, 294 №1",49.990486,36.2342071
981,"Харків","просп. Московський, 294 №2","Харків просп. Московський, 294 №2",49.9439754,36.4024983
982,"Харків","просп. Московський, 300 №1 ","Харків просп. Московський, 300 №1 ",49.9344599,36.4269514
983,"Харків","просп. Московський, 300 №2","Харків просп. Московський, 300 №2",49.9344599,36.4269514
984,"Харків","просп. Московський, 300 №3","Харків просп. Московський, 300 №3",49.9344599,36.4269514
985,"Харків","просп. Московський, 300 №4","Харків просп. Московський, 300 №4",49.9344599,36.4269514
986,"Харків","просп. Московський, 306 №1","Харків просп. Московський, 306 №1",49.9338894,36.4273837
987,"Харків","просп. Московський, 306 №2","Харків просп. Московський, 306 №2",49.9338894,36.4273837
988,"Харків","просп. Московський, 306 №3","Харків просп. Московський, 306 №3",49.9338894,36.4273837
989,"Харків","просп. Московський, 302А №1","Харків просп. Московський, 302А №1",49.933689,36.430294
990,"Харків","просп. Московський, 302А №2","Харків просп. Московський, 302А №2",49.933689,36.430294
991,"Харків","просп. Московський, 302 №1 ","Харків просп. Московський, 302 №1 ",49.933689,36.430294
992,"Харків","просп. Московський, 302 №2","Харків просп. Московський, 302 №2",49.933689,36.430294
993,"Харків","просп. Московський, 286","Харків просп. Московський, 286",49.9313925,36.426057
994,"Харків","просп. Московський, 288","Харків просп. Московський, 288",49.9462308,36.3953691
995,"Харків","просп. Московський, 290","Харків просп. Московський, 290",49.9306892,36.4258967
996,"Харків","просп. Московський, 292","Харків просп. Московський, 292",49.9303504,36.4255592
997,"Харків","просп. Московський, 298 №1","Харків просп. Московський, 298 №1",49.932845,36.4255531
998,"Харків","просп. Московський, 298 №2","Харків просп. Московський, 298 №2",49.932845,36.4255531
999,"Харків","просп. Московський, 298 №3","Харків просп. Московський, 298 №3",49.932845,36.4255531
1000,"Харків","просп. Московський, 298 №4","Харків просп. Московський, 298 №4",49.932845,36.4255531
